CustomerID,Predicted_LTV,Segment
12346.0,14.091276,Low
12347.0,4282.9414,High
12348.0,1785.1016,High
12349.0,1766.9708,High
12350.0,340.60568,Low
12352.0,1486.4077,High
12353.0,96.14946,Low
12354.0,1036.7151,Medium
12355.0,454.05005,Medium
12356.0,2837.4614,High
12357.0,6131.221,High
12358.0,1109.9587,Medium
12359.0,6242.5215,High
12360.0,2698.5522,High
12361.0,188.13948,Low
12362.0,5033.96,High
12363.0,562.7509,Medium
12364.0,1347.4819,High
12365.0,322.1179,Low
12367.0,167.43567,Low
12370.0,3539.3018,High
12371.0,1918.6442,High
12372.0,1290.1509,High
12373.0,372.40833,Low
12374.0,759.5042,Medium
12375.0,451.92532,Medium
12377.0,1664.6162,High
12378.0,4106.526,High
12379.0,797.36115,Medium
12380.0,2839.724,High
12381.0,1708.9117,High
12383.0,1779.1108,High
12384.0,567.6041,Medium
12386.0,380.15576,Medium
12388.0,2803.4019,High
12390.0,569.89606,Medium
12391.0,456.6874,Medium
12393.0,1610.4587,High
12394.0,1279.287,High
12395.0,3031.7283,High
12397.0,2453.4568,High
12398.0,1601.9026,High
12399.0,1114.6931,Medium
12401.0,82.058784,Low
12402.0,232.58264,Low
12403.0,388.53534,Medium
12405.0,1701.3147,High
12406.0,3186.196,High
12407.0,1745.3073,High
12408.0,2823.545,High
12409.0,11048.574,High
12410.0,661.90344,Medium
12412.0,1180.6655,High
12413.0,688.85583,Medium
12414.0,567.0638,Medium
12415.0,123726.5,High
12417.0,3705.8335,High
12418.0,670.0971,Medium
12420.0,602.56995,Medium
12421.0,794.171,Medium
12422.0,767.75073,Medium
12423.0,1839.9812,High
12424.0,1751.528,High
12425.0,767.77295,Medium
12426.0,587.2848,Medium
12427.0,698.327,Medium
12428.0,7883.814,High
12429.0,3790.5913,High
12430.0,246.06027,Low
12431.0,6488.5654,High
12432.0,4998.5195,High
12433.0,13393.105,High
12434.0,767.10077,Medium
12435.0,6294.0054,High
12436.0,513.8122,Medium
12437.0,4851.086,High
12438.0,2849.9976,High
12441.0,175.09851,Low
12442.0,171.3547,Low
12444.0,4974.33,High
12445.0,130.90962,Low
12446.0,1035.0413,Medium
12447.0,475.26413,Medium
12448.0,455.78342,Medium
12449.0,4031.5256,High
12450.0,209.44522,Low
12451.0,8963.738,High
12452.0,430.92123,Medium
12453.0,696.16113,Medium
12454.0,1.5559508,Low
12455.0,2468.384,High
12456.0,3139.246,High
12457.0,1973.6266,High
12458.0,957.94855,Medium
12461.0,855.1114,Medium
12462.0,1106.9106,Medium
12463.0,1345.4758,High
12464.0,1189.54,High
12465.0,742.6777,Medium
12468.0,729.4481,Medium
12471.0,18692.408,High
12472.0,6209.124,High
12473.0,2822.514,High
12474.0,7057.3438,High
12475.0,695.4118,Medium
12476.0,6499.4634,High
12477.0,13109.034,High
12478.0,685.64386,Medium
12479.0,463.5286,Medium
12480.0,3265.0999,High
12481.0,5591.6685,High
12483.0,2387.1877,High
12484.0,4409.013,High
12488.0,1298.7937,High
12489.0,340.60568,Low
12490.0,5307.8257,High
12491.0,457.59598,Medium
12492.0,272.56586,Low
12493.0,420.92087,Medium
12494.0,1155.0297,High
12497.0,1026.2233,Medium
12498.0,390.82,Medium
12500.0,3990.6978,High
12501.0,2066.1406,High
12502.0,3717.6897,High
12503.0,-1042.394,Low
12504.0,95.441956,Low
12505.0,-31.645353,Low
12506.0,85.237045,Low
12507.0,1269.9167,High
12508.0,390.35312,Medium
12509.0,177.50563,Low
12510.0,976.66864,Medium
12512.0,125.736496,Low
12513.0,570.06854,Medium
12514.0,1022.50525,Medium
12515.0,385.20154,Medium
12516.0,1297.2048,High
12517.0,2491.139,High
12518.0,2065.9104,High
12519.0,344.99078,Low
12520.0,2554.5037,High
12521.0,612.6635,Medium
12522.0,177.01276,Low
12523.0,1863.4586,High
12524.0,4494.5376,High
12526.0,1320.4458,High
12527.0,337.3468,Low
12528.0,1918.3969,High
12530.0,1589.8049,High
12531.0,126.50181,Low
12532.0,343.65036,Low
12534.0,1201.5204,High
12535.0,714.6637,Medium
12536.0,4109.822,High
12538.0,372.70038,Medium
12539.0,3651.864,High
12540.0,12834.115,High
12541.0,996.0587,Medium
12544.0,356.27673,Low
12545.0,1002.69794,Medium
12546.0,1121.2031,Medium
12547.0,209.44522,Low
12548.0,86.40306,Low
12550.0,978.24084,Medium
12551.0,169.24059,Low
12552.0,430.79013,Medium
12553.0,3713.0452,High
12556.0,586.7401,Medium
12557.0,11933.198,High
12558.0,3.5900054,Low
12559.0,508.7106,Medium
12560.0,2079.0798,High
12561.0,231.77203,Low
12562.0,3751.2756,High
12564.0,454.05005,Medium
12565.0,116.79192,Low
12566.0,350.70377,Low
12567.0,9105.154,High
12569.0,4639.319,High
12571.0,521.33356,Medium
12572.0,1003.3964,Medium
12573.0,168.56625,Low
12574.0,232.38206,Low
12576.0,1265.2103,High
12577.0,616.6777,Medium
12578.0,2728.9573,High
12579.0,420.20004,Medium
12580.0,417.77588,Medium
12581.0,194.51357,Low
12582.0,513.3084,Medium
12583.0,7179.874,High
12584.0,2277.4482,High
12585.0,1992.4657,High
12586.0,177.63599,Low
12587.0,144.94702,Low
12588.0,229.10347,Low
12589.0,625.79114,Medium
12590.0,9814.151,High
12591.0,454.05005,Medium
12592.0,436.9941,Medium
12593.0,420.92087,Medium
12594.0,3391.6018,High
12596.0,613.424,Medium
12597.0,3693.6267,High
12598.0,2926.783,High
12599.0,1023.29065,Medium
12600.0,2566.7756,High
12601.0,532.6208,Medium
12602.0,152.67905,Low
12603.0,763.8698,Medium
12604.0,272.2581,Low
12605.0,9.860672,Low
12607.0,1.5559508,Low
12609.0,1120.6709,Medium
12610.0,2001.0314,High
12611.0,1255.142,High
12612.0,620.23785,Medium
12613.0,3172.635,High
12614.0,317.27158,Low
12615.0,2228.5898,High
12616.0,662.2735,Medium
12617.0,350.3411,Low
12618.0,177.54916,Low
12619.0,3216.1724,High
12620.0,1313.605,High
12621.0,13612.395,High
12622.0,181.75734,Low
12623.0,313.06448,Low
12624.0,621.53064,Medium
12625.0,2625.6084,High
12626.0,6472.7495,High
12627.0,4420.5195,High
12628.0,773.544,Medium
12630.0,1315.2922,High
12631.0,643.01746,Medium
12633.0,2138.3984,High
12635.0,1672.5466,High
12637.0,6027.681,High
12638.0,685.33624,Medium
12639.0,478.85138,Medium
12640.0,1145.5466,High
12641.0,183.70702,Low
12642.0,1003.69086,Medium
12643.0,3305.9878,High
12644.0,476.94476,Medium
12645.0,1769.4166,High
12646.0,1333.0795,High
12647.0,3531.9395,High
12648.0,317.1927,Low
12649.0,609.2043,Medium
12650.0,317.2099,Low
12651.0,119.21434,Low
12652.0,922.6904,Medium
12653.0,2255.2444,High
12654.0,604.689,Medium
12656.0,4158.582,High
12657.0,1084.2513,Medium
12658.0,700.4553,Medium
12659.0,85.86671,Low
12660.0,238.77263,Low
12662.0,3790.322,High
12664.0,4839.0386,High
12665.0,28.294168,Low
12666.0,-181.51448,Low
12667.0,610.4833,Medium
12668.0,3759.4868,High
12669.0,1632.875,High
12670.0,3031.6077,High
12672.0,232.58264,Low
12673.0,612.14905,Medium
12674.0,1894.9335,High
12676.0,1345.4861,High
12678.0,17607.975,High
12679.0,1087.8289,Medium
12680.0,828.7102,Medium
12681.0,13689.417,High
12682.0,12406.501,High
12683.0,8224.533,High
12684.0,2307.687,High
12685.0,2863.064,High
12686.0,92.17194,Low
12688.0,4766.4536,High
12689.0,1258.7872,High
12690.0,394.58426,Medium
12691.0,1046.7544,Medium
12693.0,803.75305,Medium
12694.0,906.8777,Medium
12695.0,588.5983,Medium
12697.0,965.73676,Medium
12700.0,4628.7183,High
12701.0,778.5734,Medium
12702.0,229.26361,Low
12703.0,292.25897,Low
12704.0,2291.8757,High
12705.0,6758.304,High
12707.0,610.983,Medium
12708.0,2589.4888,High
12709.0,9187.954,High
12710.0,1132.562,High
12712.0,4240.314,High
12713.0,850.72797,Medium
12714.0,4775.916,High
12715.0,351.72968,Low
12716.0,1038.7527,Medium
12717.0,1000.6554,Medium
12718.0,228.2138,Low
12719.0,607.41833,Medium
12720.0,5544.0317,High
12721.0,2641.1946,High
12722.0,868.9749,Medium
12723.0,710.04486,Medium
12724.0,1069.3853,Medium
12725.0,418.143,Medium
12726.0,2641.404,High
12727.0,3911.2517,High
12728.0,826.9176,Medium
12729.0,455.73068,Medium
12731.0,18305.52,High
12732.0,230.41582,Low
12733.0,385.20154,Medium
12734.0,114.20453,Low
12735.0,769.0197,Medium
12736.0,231.77203,Low
12738.0,154.67099,Low
12739.0,1005.12555,Medium
12740.0,420.9748,Medium
12743.0,562.7509,Medium
12744.0,9139.422,High
12747.0,4232.012,High
12748.0,41191.973,High
12749.0,3966.4988,High
12750.0,285.46313,Low
12752.0,4355.9487,High
12753.0,21047.58,High
12754.0,2901.6946,High
12755.0,2222.2551,High
12756.0,119.22465,Low
12757.0,4154.04,High
12758.0,2752.3123,High
12759.0,1566.181,High
12762.0,1864.8542,High
12763.0,511.41977,Medium
12764.0,1677.2069,High
12766.0,6998.1006,High
12769.0,1197.1366,High
12770.0,1413.5038,High
12772.0,888.25305,Medium
12775.0,1363.9269,High
12778.0,856.5085,Medium
12779.0,3872.0735,High
12781.0,698.1014,Medium
12782.0,2320.88,High
12783.0,1643.6199,High
12784.0,568.8475,Medium
12785.0,302.1779,Low
12787.0,457.72928,Medium
12789.0,80.19595,Low
12790.0,335.52365,Low
12791.0,190.02092,Low
12792.0,405.21445,Medium
12793.0,564.4992,Medium
12794.0,865.0498,Medium
12795.0,422.76257,Medium
12797.0,200.96863,Low
12798.0,6976.2583,High
12802.0,383.46423,Medium
12808.0,464.51517,Medium
12809.0,497.09232,Medium
12811.0,504.38556,Medium
12812.0,229.02441,Low
12814.0,128.50212,Low
12815.0,1065.0057,Medium
12816.0,570.70166,Medium
12817.0,172.238,Low
12818.0,1496.7626,High
12820.0,890.997,Medium
12821.0,95.092865,Low
12822.0,942.92255,Medium
12823.0,1773.0063,High
12824.0,404.58905,Medium
12826.0,1438.5123,High
12827.0,428.04053,Medium
12828.0,1018.4007,Medium
12829.0,242.0794,Low
12830.0,6727.33,High
12831.0,236.66365,Low
12832.0,379.60342,Medium
12833.0,419.4565,Medium
12834.0,316.10947,Low
12836.0,2574.8914,High
12837.0,129.31198,Low
12838.0,663.31006,Medium
12839.0,5824.6685,High
12840.0,2690.0674,High
12841.0,3867.157,High
12842.0,1094.839,Medium
12843.0,1669.0234,High
12844.0,327.92212,Low
12845.0,369.43774,Low
12847.0,863.10565,Medium
12849.0,1045.6315,Medium
12851.0,129.99399,Low
12852.0,302.15256,Low
12853.0,1857.009,High
12854.0,1299.7808,High
12855.0,28.101822,Low
12856.0,2132.4048,High
12857.0,1104.8893,Medium
12863.0,507.4816,Medium
12864.0,149.3644,Low
12865.0,1541.966,High
12866.0,574.36597,Medium
12867.0,4079.5854,High
12868.0,1649.4639,High
12870.0,-16.618793,Low
12871.0,369.5562,Low
12872.0,600.5649,Medium
12873.0,381.8165,Medium
12875.0,348.03247,Low
12876.0,2320.0603,High
12877.0,1613.6707,High
12878.0,797.42694,Medium
12879.0,572.3122,Medium
12881.0,302.64874,Low
12882.0,1460.9493,High
12883.0,700.81354,Medium
12884.0,314.75323,Low
12885.0,1216.1238,High
12886.0,1327.2744,High
12888.0,369.43774,Low
12890.0,380.8281,Medium
12891.0,329.4534,Low
12893.0,195.16264,Low
12895.0,338.43735,Low
12897.0,226.91911,Low
12901.0,16286.652,High
12902.0,143.6765,Low
12904.0,514.61694,Medium
12906.0,2883.491,High
12908.0,231.9037,Low
12909.0,2125.2612,High
12910.0,3061.446,High
12912.0,1619.3826,High
12913.0,2540.6982,High
12915.0,359.39725,Low
12916.0,3009.9285,High
12917.0,571.6564,Medium
12919.0,1311.7578,High
12920.0,168.13622,Low
12921.0,15178.033,High
12922.0,407.13837,Medium
12923.0,170.59387,Low
12924.0,939.4951,Medium
12925.0,657.24347,Medium
12928.0,2071.2842,High
12929.0,116.03528,Low
12930.0,417.8909,Medium
12931.0,33472.04,High
12933.0,626.07,Medium
12935.0,2096.9678,High
12936.0,1036.4136,Medium
12937.0,1482.8179,High
12938.0,115.82763,Low
12939.0,11574.84,High
12940.0,822.87756,Medium
12942.0,666.71985,Medium
12943.0,-31.645353,Low
12944.0,592.8358,Medium
12945.0,454.05005,Medium
12947.0,1409.14,High
12948.0,2048.796,High
12949.0,4127.6636,High
12950.0,1885.5157,High
12951.0,1074.4606,Medium
12952.0,1359.1884,High
12953.0,333.98322,Low
12955.0,4715.537,High
12956.0,114.20453,Low
12957.0,3984.917,High
12962.0,270.23572,Low
12963.0,1849.5087,High
12965.0,779.3728,Medium
12966.0,167.1197,Low
12967.0,1206.2295,High
12968.0,129.99399,Low
12970.0,446.12378,Medium
12971.0,10936.858,High
12974.0,146.64249,Low
12976.0,754.0756,Medium
12977.0,18.872726,Low
12980.0,7088.007,High
12981.0,365.5921,Low
12982.0,373.62732,Medium
12984.0,98.98711,Low
12985.0,1158.3428,High
12987.0,552.8464,Medium
12988.0,544.87476,Medium
12989.0,6836.991,High
12990.0,389.4012,Medium
12991.0,512.6813,Medium
12993.0,427.02518,Medium
12994.0,886.1216,Medium
12995.0,207.73145,Low
12997.0,1180.2305,High
12999.0,447.5341,Medium
13000.0,513.5269,Medium
13001.0,9885.455,High
13002.0,123.36963,Low
13003.0,169.17426,Low
13004.0,5731.5107,High
13005.0,457.47733,Medium
13006.0,76.45415,Low
13008.0,166.1691,Low
13011.0,58.415688,Low
13012.0,1317.9213,High
13013.0,4651.14,High
13014.0,3349.16,High
13015.0,3320.237,High
13016.0,766.2204,Medium
13017.0,205.92375,Low
13018.0,7330.046,High
13021.0,2476.196,High
13023.0,662.9568,Medium
13026.0,916.9482,Medium
13027.0,6911.3125,High
13028.0,680.7048,Medium
13029.0,1243.5396,High
13030.0,777.6185,Medium
13032.0,1002.05426,Medium
13033.0,188.13948,Low
13034.0,620.23785,Medium
13035.0,877.60815,Medium
13037.0,921.51514,Medium
13038.0,903.6291,Medium
13040.0,660.73224,Medium
13043.0,495.6443,Medium
13044.0,574.36597,Medium
13045.0,311.70825,Low
13046.0,622.401,Medium
13047.0,3071.798,High
13048.0,1804.4971,High
13049.0,648.8723,Medium
13050.0,5682.9624,High
13052.0,349.8515,Low
13055.0,1252.189,High
13058.0,271.4747,Low
13059.0,184.4736,Low
13060.0,313.06448,Low
13061.0,248.24226,Low
13062.0,346.76538,Low
13064.0,1116.7688,Medium
13065.0,202.3839,Low
13066.0,429.47986,Medium
13067.0,111.57465,Low
13068.0,352.9588,Low
13069.0,3761.3901,High
13070.0,231.22643,Low
13072.0,177.50563,Low
13075.0,886.19226,Medium
13077.0,736.80975,Medium
13078.0,9882.523,High
13079.0,219.7875,Low
13080.0,46.919064,Low
13081.0,30487.791,High
13082.0,3557.6047,High
13083.0,302.41946,Low
13085.0,262.71442,Low
13089.0,61037.273,High
13090.0,8757.655,High
13091.0,328.12134,Low
13092.0,431.48178,Medium
13093.0,7750.8047,High
13094.0,1714.5216,High
13095.0,73.20825,Low
13097.0,5846.463,High
13098.0,27117.867,High
13099.0,200.71625,Low
13101.0,94.21461,Low
13102.0,6317.71,High
13103.0,239.02023,Low
13104.0,1091.4272,Medium
13106.0,35.81035,Low
13107.0,1515.8723,High
13108.0,348.2731,Low
13109.0,751.0228,Medium
13110.0,1453.6156,High
13113.0,10499.8955,High
13115.0,2164.2378,High
13116.0,496.70026,Medium
13117.0,940.45233,Medium
13118.0,1155.7971,High
13120.0,-1.5820514,Low
13121.0,275.3281,Low
13122.0,929.30206,Medium
13124.0,3897.6975,High
13126.0,2095.3682,High
13127.0,245.279,Low
13130.0,48.35016,Low
13131.0,1064.0627,Medium
13132.0,85.237045,Low
13133.0,108.51909,Low
13134.0,1734.0321,High
13135.0,3100.887,High
13136.0,2542.3015,High
13137.0,3731.156,High
13138.0,989.4464,Medium
13139.0,5054.889,High
13140.0,420.92087,Medium
13141.0,2342.3625,High
13142.0,318.11383,Low
13144.0,114.20453,Low
13145.0,618.1568,Medium
13146.0,232.84203,Low
13147.0,702.2549,Medium
13148.0,3354.1318,High
13149.0,1680.352,High
13151.0,1274.5692,High
13153.0,435.55066,Medium
13154.0,-2132.7307,Low
13155.0,965.979,Medium
13157.0,1745.3073,High
13158.0,1268.741,High
13159.0,1362.0691,High
13160.0,87.248955,Low
13161.0,114.925865,Low
13162.0,1579.6285,High
13165.0,1016.1988,Medium
13166.0,384.82043,Medium
13167.0,792.50665,Medium
13168.0,1308.3452,High
13169.0,713.7581,Medium
13170.0,115.82763,Low
13171.0,428.21567,Medium
13173.0,352.52597,Low
13174.0,2834.0771,High
13176.0,496.9202,Medium
13177.0,290.89587,Low
13178.0,5712.97,High
13182.0,114.71058,Low
13183.0,3913.1963,High
13184.0,1610.8541,High
13185.0,59.37663,Low
13186.0,1524.4237,High
13187.0,231.77203,Low
13188.0,117.26899,Low
13189.0,272.86072,Low
13192.0,920.94214,Medium
13193.0,115.30854,Low
13194.0,53.136654,Low
13196.0,1802.9514,High
13198.0,3416.588,High
13199.0,9800.14,High
13200.0,831.7631,Medium
13203.0,831.7631,Medium
13207.0,267.37726,Low
13208.0,1205.1444,High
13209.0,5723.9326,High
13210.0,352.62613,Low
13211.0,1170.7126,High
13212.0,792.50665,Medium
13213.0,1607.3204,High
13216.0,340.60568,Low
13217.0,146.06825,Low
13218.0,53.136654,Low
13220.0,818.4761,Medium
13221.0,856.8597,Medium
13223.0,150.42291,Low
13224.0,2208.0579,High
13225.0,6097.4785,High
13226.0,114.20453,Low
13227.0,249.145,Low
13228.0,350.86142,Low
13229.0,169.58276,Low
13230.0,2732.8484,High
13232.0,1377.9703,High
13233.0,586.51556,Medium
13235.0,101.51044,Low
13236.0,744.7533,Medium
13238.0,688.2588,Medium
13239.0,336.87988,Low
13240.0,658.3134,Medium
13242.0,263.39642,Low
13243.0,610.983,Medium
13244.0,122.69543,Low
13245.0,421.79944,Medium
13246.0,1894.9335,High
13247.0,513.32544,Medium
13248.0,493.89597,Medium
13249.0,726.6439,Medium
13253.0,1025.2172,Medium
13255.0,381.36057,Medium
13256.0,1.5113913,Low
13258.0,736.779,Medium
13259.0,281.40314,Low
13260.0,570.4284,Medium
13261.0,962.3278,Medium
13262.0,197.40776,Low
13263.0,7450.6875,High
13265.0,2131.1921,High
13266.0,3692.6206,High
13267.0,4385.524,High
13268.0,3120.2952,High
13269.0,5329.555,High
13270.0,577.54584,Medium
13271.0,165.56935,Low
13272.0,299.50015,Low
13273.0,142.32027,Low
13276.0,569.32416,Medium
13277.0,246.56857,Low
13278.0,552.5265,Medium
13279.0,113.47917,Low
13280.0,778.5672,Medium
13282.0,1048.1958,Medium
13283.0,98.793655,Low
13284.0,205.10712,Low
13285.0,2729.1238,High
13291.0,357.26218,Low
13292.0,562.2893,Medium
13294.0,909.9007,Medium
13295.0,209.9239,Low
13296.0,88.62752,Low
13297.0,2018.9188,High
13298.0,336.83185,Low
13299.0,146.13382,Low
13300.0,360.35593,Low
13301.0,629.6144,Medium
13302.0,46.919064,Low
13304.0,302.64874,Low
13305.0,1952.7811,High
13307.0,-1.4409288,Low
13308.0,1350.7688,High
13309.0,1470.4275,High
13310.0,1112.7928,Medium
13311.0,542.04736,Medium
13313.0,1528.1077,High
13314.0,592.3491,Medium
13316.0,5910.229,High
13317.0,2234.9336,High
13318.0,651.3003,Medium
13319.0,10658.05,High
13320.0,1470.9998,High
13321.0,570.7852,Medium
13322.0,204.13976,Low
13323.0,777.36145,Medium
13324.0,7063.4365,High
13325.0,663.94666,Medium
13327.0,3703.1946,High
13328.0,1223.6526,High
13329.0,754.2868,Medium
13330.0,1124.3887,Medium
13332.0,344.49625,Low
13334.0,3731.6064,High
13336.0,767.77295,Medium
13338.0,423.96063,Medium
13339.0,872.7808,Medium
13340.0,10741.852,High
13341.0,767.08307,Medium
13343.0,307.2889,Low
13344.0,2486.909,High
13345.0,373.62732,Medium
13347.0,349.24176,Low
13348.0,228.2138,Low
13349.0,252.1481,Low
13350.0,903.91943,Medium
13351.0,382.93665,Medium
13352.0,380.4824,Medium
13354.0,761.69385,Medium
13355.0,670.0971,Medium
13356.0,773.22235,Medium
13357.0,605.20447,Medium
13358.0,441.26657,Medium
13359.0,417.59692,Medium
13362.0,3058.8574,High
13363.0,980.1562,Medium
13364.0,6.5407553,Low
13365.0,2225.5967,High
13366.0,54.58596,Low
13368.0,614.02563,Medium
13369.0,275.3281,Low
13370.0,726.2727,Medium
13372.0,383.49713,Medium
13373.0,3182.0571,High
13375.0,767.9785,Medium
13376.0,1009.87726,Medium
13379.0,574.7801,Medium
13381.0,3622.8936,High
13382.0,232.58264,Low
13384.0,4153.962,High
13385.0,544.87476,Medium
13388.0,650.73486,Medium
13389.0,774.4676,Medium
13390.0,551.99414,Medium
13391.0,63.0973,Low
13394.0,2388.356,High
13395.0,311.70825,Low
13396.0,1342.6614,High
13397.0,1607.3204,High
13398.0,452.69382,Medium
13402.0,612.27734,Medium
13403.0,78.423874,Low
13404.0,254.16695,Low
13405.0,569.0291,Medium
13408.0,52431.06,High
13410.0,973.03406,Medium
13411.0,233.72186,Low
13414.0,1350.7925,High
13416.0,718.2336,Medium
13417.0,622.0079,Medium
13418.0,5838.5537,High
13419.0,219.89368,Low
13420.0,145.05022,Low
13421.0,1898.3276,High
13422.0,2474.4998,High
13425.0,1669.7687,High
13426.0,3572.171,High
13427.0,589.9919,Medium
13428.0,229.26361,Low
13429.0,967.3407,Medium
13430.0,651.1573,Medium
13431.0,1283.538,High
13434.0,515.338,Medium
13435.0,3812.7117,High
13436.0,189.39812,Low
13437.0,3396.8408,High
13439.0,294.4541,Low
13441.0,299.36365,Low
13447.0,1116.7097,Medium
13448.0,3441.2222,High
13449.0,286.2836,Low
13450.0,2054.1868,High
13451.0,2852.3718,High
13452.0,608.3834,Medium
13453.0,353.18384,Low
13455.0,969.12317,Medium
13456.0,1737.6757,High
13458.0,9572.931,High
13460.0,176.10371,Low
13461.0,1381.8096,High
13462.0,157.2571,Low
13464.0,666.3621,Medium
13466.0,300.79633,Low
13467.0,1077.3229,Medium
13468.0,4351.2124,High
13470.0,157.9391,Low
13471.0,2528.712,High
13473.0,420.20004,Medium
13474.0,232.58264,Low
13475.0,1431.823,High
13476.0,1120.2161,Medium
13477.0,1436.8246,High
13479.0,307.64142,Low
13481.0,1778.6575,High
13482.0,185.06323,Low
13483.0,138.21631,Low
13484.0,317.27158,Low
13485.0,454.05005,Medium
13486.0,1120.6709,Medium
13487.0,569.0291,Medium
13488.0,8924.602,High
13489.0,437.36902,Medium
13491.0,1205.0266,High
13492.0,1241.939,High
13493.0,614.02563,Medium
13494.0,317.27158,Low
13495.0,1885.1506,High
13496.0,612.39197,Medium
13497.0,322.1179,Low
13499.0,1155.7971,High
13500.0,1134.5786,High
13501.0,1313.7563,High
13502.0,317.84305,Low
13503.0,224.00467,Low
13504.0,282.8116,Low
13505.0,4317.987,High
13506.0,439.14743,Medium
13507.0,2489.633,High
13508.0,114.20453,Low
13509.0,973.03406,Medium
13510.0,1770.4056,High
13512.0,250.06438,Low
13513.0,200.71625,Low
13514.0,149.77658,Low
13515.0,863.5089,Medium
13516.0,1345.7732,High
13517.0,2131.1921,High
13518.0,657.44684,Medium
13519.0,111.92174,Low
13520.0,3497.074,High
13521.0,1043.5493,Medium
13522.0,125.06045,Low
13523.0,3732.1343,High
13524.0,684.2941,Medium
13525.0,618.68286,Medium
13527.0,2286.922,High
13529.0,311.768,Low
13531.0,498.44858,Medium
13532.0,233.94194,Low
13533.0,262.71442,Low
13534.0,5560.4473,High
13536.0,3412.2754,High
13538.0,1269.903,High
13539.0,615.876,Medium
13544.0,303.99713,Low
13546.0,666.5793,Medium
13548.0,663.8624,Medium
13549.0,912.661,Medium
13551.0,85.80059,Low
13552.0,3544.7104,High
13555.0,4177.723,High
13557.0,566.57733,Medium
13558.0,622.8938,Medium
13560.0,174.72757,Low
13561.0,144.93736,Low
13562.0,1774.5048,High
13563.0,764.94104,Medium
13564.0,646.6853,Medium
13565.0,231.34818,Low
13566.0,907.10223,Medium
13568.0,188.35327,Low
13569.0,378.20486,Medium
13570.0,231.77203,Low
13571.0,2086.172,High
13572.0,1413.5038,High
13573.0,294.25485,Low
13575.0,749.8758,Medium
13576.0,6757.1367,High
13577.0,1610.705,High
13579.0,491.24353,Medium
13581.0,123.36963,Low
13583.0,777.5583,Medium
13584.0,144.93736,Low
13587.0,340.17197,Low
13588.0,2480.7844,High
13589.0,380.2861,Medium
13590.0,1990.799,High
13591.0,1110.4854,Medium
13592.0,236.93661,Low
13593.0,1883.251,High
13594.0,404.58905,Medium
13596.0,702.1729,Medium
13598.0,158.4681,Low
13599.0,5042.7993,High
13600.0,230.78226,Low
13601.0,667.43225,Medium
13602.0,424.2058,Medium
13603.0,166.69485,Low
13606.0,271.4747,Low
13607.0,679.917,Medium
13610.0,1118.9534,Medium
13611.0,1220.2002,High
13614.0,1607.166,High
13615.0,380.15576,Medium
13617.0,558.3529,Medium
13618.0,177.61258,Low
13621.0,233.72186,Low
13623.0,663.84863,Medium
13626.0,249.145,Low
13627.0,1697.43,High
13629.0,7783.8276,High
13630.0,1977.9188,High
13631.0,2993.3306,High
13632.0,2092.46,High
13634.0,1536.0337,High
13635.0,1047.1433,Medium
13636.0,975.1525,Medium
13637.0,770.0685,Medium
13638.0,120.69511,Low
13639.0,1029.5166,Medium
13642.0,350.04904,Low
13643.0,511.5385,Medium
13644.0,2621.1934,High
13645.0,248.70808,Low
13647.0,1616.4077,High
13649.0,351.71545,Low
13650.0,1770.757,High
13651.0,101.710655,Low
13652.0,1101.302,Medium
13654.0,2626.289,High
13655.0,942.0095,Medium
13656.0,369.94827,Low
13657.0,380.2861,Medium
13658.0,2466.641,High
13659.0,1590.8895,High
13662.0,920.2894,Medium
13663.0,186.78326,Low
13666.0,75.55291,Low
13667.0,311.70825,Low
13668.0,6180.7363,High
13669.0,229.85121,Low
13670.0,350.66388,Low
13672.0,-87.04823,Low
13673.0,391.7945,Medium
13675.0,496.70026,Medium
13678.0,230.41582,Low
13680.0,2236.3699,High
13681.0,827.66943,Medium
13682.0,46.919064,Low
13684.0,58.224693,Low
13685.0,3068.4805,High
13686.0,73.857216,Low
13689.0,881.8945,Medium
13690.0,169.77402,Low
13692.0,1462.0695,High
13693.0,-27.52628,Low
13694.0,62652.72,High
13695.0,2466.8748,High
13697.0,149.38431,Low
13699.0,314.75323,Low
13700.0,2326.1377,High
13703.0,94.21461,Low
13704.0,2331.2136,High
13705.0,739.65137,Medium
13706.0,336.87988,Low
13707.0,805.77844,Medium
13708.0,300.71988,Low
13709.0,6191.634,High
13710.0,181.31015,Low
13711.0,269.84464,Low
13712.0,232.58264,Low
13715.0,1078.8488,Medium
13716.0,143.6765,Low
13717.0,1448.2856,High
13718.0,315.91208,Low
13719.0,1036.4136,Medium
13720.0,796.2726,Medium
13721.0,529.27655,Medium
13722.0,2222.6072,High
13723.0,197.40776,Low
13725.0,1776.4961,High
13726.0,1078.4879,Medium
13727.0,343.8284,Low
13728.0,1021.1926,Medium
13730.0,752.1733,Medium
13731.0,610.98065,Medium
13732.0,483.6326,Medium
13735.0,2780.9746,High
13736.0,737.9972,Medium
13737.0,348.1216,Low
13739.0,229.26361,Low
13740.0,349.8515,Low
13741.0,661.06323,Medium
13742.0,3398.9866,High
13743.0,1323.2039,High
13744.0,1111.2474,Medium
13745.0,296.34286,Low
13747.0,82.316124,Low
13748.0,972.7714,Medium
13750.0,1598.5281,High
13751.0,300.71988,Low
13752.0,1186.4883,High
13753.0,754.0756,Medium
13754.0,294.347,Low
13755.0,2110.3147,High
13756.0,5267.154,High
13758.0,3259.0378,High
13759.0,656.81824,Medium
13760.0,296.4012,Low
13761.0,1060.7924,Medium
13762.0,12.1398,Low
13763.0,1715.05,High
13764.0,1564.2936,High
13767.0,16933.178,High
13769.0,2801.2786,High
13771.0,2692.831,High
13772.0,1123.5742,Medium
13774.0,348.934,Low
13777.0,25806.084,High
13778.0,177.98074,Low
13780.0,359.22192,Low
13781.0,128.93019,Low
13782.0,884.8752,Medium
13784.0,2457.1135,High
13786.0,231.16876,Low
13787.0,311.768,Low
13790.0,335.30515,Low
13791.0,1058.8652,Medium
13792.0,208.03922,Low
13798.0,36374.703,High
13799.0,663.8624,Medium
13800.0,574.36597,Medium
13801.0,334.00632,Low
13802.0,3932.1897,High
13803.0,289.92004,Low
13804.0,2641.1946,High
13805.0,926.8956,Medium
13806.0,246.06027,Low
13807.0,119.74263,Low
13808.0,1774.9736,High
13809.0,158.14795,Low
13810.0,870.9531,Medium
13811.0,606.1178,Medium
13812.0,514.12897,Medium
13813.0,1336.1844,High
13814.0,1600.1274,High
13815.0,4014.6926,High
13816.0,579.7564,Medium
13817.0,378.84473,Medium
13819.0,1119.5723,Medium
13821.0,369.5562,Low
13822.0,626.36365,Medium
13823.0,959.1361,Medium
13824.0,1765.8401,High
13826.0,166.2218,Low
13827.0,420.20004,Medium
13828.0,231.90056,Low
13829.0,-181.51448,Low
13831.0,2188.799,High
13832.0,6.9118967,Low
13833.0,386.88217,Medium
13835.0,834.3618,Medium
13837.0,275.3281,Low
13838.0,695.0491,Medium
13841.0,91.35106,Low
13842.0,3270.2585,High
13844.0,356.71948,Low
13845.0,315.67535,Low
13846.0,839.982,Medium
13848.0,1241.939,High
13849.0,1492.3754,High
13850.0,1619.8066,High
13851.0,2618.6565,High
13853.0,1056.9673,Medium
13854.0,8058.1743,High
13856.0,381.06534,Medium
13858.0,228.28629,Low
13859.0,197.40776,Low
13860.0,1223.0006,High
13862.0,2048.8545,High
13863.0,302.15256,Low
13865.0,504.43976,Medium
13866.0,148.45015,Low
13867.0,1003.7097,Medium
13868.0,3198.3484,High
13869.0,3114.987,High
13870.0,2761.3103,High
13871.0,6234.6343,High
13873.0,378.14392,Medium
13874.0,564.03406,Medium
13875.0,1775.3811,High
13876.0,115.30854,Low
13877.0,121.87723,Low
13878.0,1255.142,High
13880.0,3250.1765,High
13881.0,16986.719,High
13882.0,1167.0001,High
13883.0,2505.9517,High
13884.0,780.11896,Medium
13885.0,509.3755,Medium
13886.0,233.5137,Low
13887.0,349.8515,Low
13888.0,598.8166,Medium
13889.0,419.4565,Medium
13890.0,1858.6116,High
13892.0,647.9053,Medium
13893.0,843.8682,Medium
13894.0,559.9208,Medium
13895.0,2621.3906,High
13897.0,315.89987,Low
13898.0,158.14795,Low
13899.0,380.77554,Medium
13900.0,760.9369,Medium
13901.0,2876.5308,High
13904.0,347.31204,Low
13908.0,2414.747,High
13911.0,2587.7017,High
13914.0,607.19977,Medium
13917.0,272.56586,Low
13918.0,1123.1404,Medium
13919.0,337.65457,Low
13922.0,176.01668,Low
13923.0,351.19617,Low
13924.0,1596.7258,High
13925.0,619.1028,Medium
13926.0,234.22427,Low
13927.0,350.66388,Low
13928.0,477.29614,Medium
13929.0,768.14276,Medium
13930.0,344.33966,Low
13931.0,1184.4187,High
13932.0,313.06448,Low
13933.0,609.23236,Medium
13934.0,988.7328,Medium
13936.0,355.97235,Low
13937.0,156.79172,Low
13938.0,76.190216,Low
13939.0,581.1386,Medium
13940.0,835.80316,Medium
13941.0,4783.9043,High
13946.0,558.4366,Medium
13947.0,80.19595,Low
13948.0,99.03137,Low
13949.0,2408.1929,High
13950.0,715.23706,Medium
13951.0,667.1119,Medium
13952.0,3147.6406,High
13953.0,3514.8684,High
13954.0,380.37653,Medium
13955.0,329.0408,Low
13956.0,1031.44,Medium
13958.0,-624.5002,Low
13959.0,600.96375,Medium
13960.0,228.51459,Low
13962.0,166.01585,Low
13963.0,658.6281,Medium
13967.0,76.725334,Low
13969.0,8975.637,High
13971.0,2695.2527,High
13972.0,174.28731,Low
13973.0,249.15625,Low
13974.0,420.4254,Medium
13975.0,2510.9104,High
13976.0,350.04904,Low
13978.0,208.33409,Low
13979.0,865.58234,Medium
13980.0,196.21585,Low
13982.0,1834.6517,High
13983.0,2618.802,High
13984.0,467.67737,Medium
13985.0,6959.9062,High
13986.0,320.6813,Low
13988.0,4177.333,High
13989.0,1283.538,High
13990.0,316.10947,Low
13991.0,867.0056,Medium
13992.0,78.363686,Low
13993.0,3305.4229,High
13994.0,2320.6614,High
13995.0,1438.2095,High
13999.0,3847.362,High
14000.0,621.97186,Medium
14001.0,1977.0435,High
14002.0,517.54004,Medium
14004.0,4631.579,High
14005.0,2883.491,High
14006.0,967.5455,Medium
14009.0,667.1119,Medium
14012.0,336.87988,Low
14013.0,457.08527,Medium
14014.0,499.64667,Medium
14015.0,888.25305,Medium
14016.0,4322.052,High
14019.0,1417.0637,High
14020.0,625.4967,Medium
14021.0,650.73486,Medium
14022.0,441.26657,Medium
14023.0,564.0751,Medium
14024.0,329.0408,Low
14027.0,95.05348,Low
14029.0,491.6939,Medium
14030.0,2289.0667,High
14031.0,14600.493,High
14032.0,2930.2312,High
14034.0,519.3656,Medium
14035.0,1466.2216,High
14036.0,612.5377,Medium
14037.0,157.2571,Low
14038.0,1631.416,High
14039.0,155.05562,Low
14040.0,3528.011,High
14041.0,144.93736,Low
14044.0,649.71594,Medium
14045.0,1678.8081,High
14046.0,158.14795,Low
14047.0,1349.1194,High
14048.0,373.62732,Medium
14049.0,5593.0264,High
14050.0,758.11414,Medium
14051.0,15459.257,High
14052.0,234.28339,Low
14053.0,274.65387,Low
14054.0,80.19595,Low
14055.0,696.16113,Medium
14056.0,8144.121,High
14057.0,6186.1914,High
14059.0,184.4736,Low
14060.0,5981.1504,High
14062.0,10404.793,High
14064.0,1178.8481,High
14066.0,155.24548,Low
14067.0,374.68506,Medium
14068.0,249.15625,Low
14071.0,1313.1875,High
14073.0,130.67134,Low
14075.0,951.36694,Medium
14076.0,122.69543,Low
14077.0,527.10626,Medium
14078.0,1052.9446,Medium
14079.0,383.49713,Medium
14080.0,49.720074,Low
14081.0,856.8647,Medium
14082.0,183.05975,Low
14083.0,1067.2549,Medium
14085.0,4320.2974,High
14087.0,172.20227,Low
14088.0,46814.703,High
14089.0,164.11388,Low
14090.0,75.94477,Low
14092.0,4051.5598,High
14093.0,444.51242,Medium
14096.0,57098.016,High
14098.0,145.12167,Low
14099.0,2896.1697,High
14100.0,188.8427,Low
14101.0,5878.392,High
14102.0,1305.0581,High
14104.0,231.25722,Low
14105.0,1291.84,High
14107.0,2670.0542,High
14108.0,608.51276,Medium
14109.0,68.55455,Low
14110.0,5619.2456,High
14111.0,687.9389,Medium
14112.0,2699.8762,High
14113.0,1359.6722,High
14114.0,371.3045,Low
14116.0,1362.0691,High
14117.0,78.56023,Low
14119.0,-36.157803,Low
14121.0,2790.821,High
14124.0,419.4565,Medium
14125.0,2632.4026,High
14126.0,650.86414,Medium
14127.0,726.6439,Medium
14128.0,618.9308,Medium
14129.0,1086.6681,Medium
14130.0,478.85138,Medium
14132.0,3664.9792,High
14133.0,599.6729,Medium
14135.0,4612.8174,High
14138.0,980.29584,Medium
14139.0,420.4254,Medium
14140.0,948.1034,Medium
14141.0,859.07294,Medium
14142.0,317.76477,Low
14143.0,118.54014,Low
14145.0,3062.399,High
14146.0,2902.2144,High
14147.0,459.8351,Medium
14148.0,158.14795,Low
14149.0,245.97775,Low
14150.0,654.60986,Medium
14152.0,603.1986,Medium
14154.0,1349.6198,High
14155.0,123.36963,Low
14156.0,251640.66,High
14157.0,391.04565,Medium
14158.0,500.17896,Medium
14159.0,4652.1587,High
14161.0,1123.6843,Medium
14162.0,298.48923,Low
14163.0,2532.7532,High
14164.0,1657.562,High
14165.0,123.36963,Low
14167.0,581.65515,Medium
14171.0,357.26218,Low
14173.0,449.0045,Medium
14174.0,132.2254,Low
14175.0,3112.1575,High
14176.0,578.4704,Medium
14177.0,564.68036,Medium
14178.0,1685.5142,High
14179.0,729.5082,Medium
14180.0,4607.7485,High
14184.0,455.5589,Medium
14185.0,190.19891,Low
14188.0,1963.8344,High
14189.0,4594.376,High
14191.0,4639.426,High
14193.0,858.42145,Medium
14194.0,11189.048,High
14195.0,978.6147,Medium
14196.0,342.28632,Low
14198.0,651.0164,Medium
14199.0,185.06323,Low
14201.0,706.06067,Medium
14204.0,168.76471,Low
14205.0,222.44737,Low
14206.0,315.91208,Low
14208.0,153.88925,Low
14209.0,2115.3796,High
14210.0,1872.2751,High
14211.0,2223.906,High
14212.0,1059.6519,Medium
14213.0,-624.5002,Low
14214.0,988.8468,Medium
14215.0,1773.6937,High
14216.0,1812.4651,High
14217.0,1913.8956,High
14218.0,166.66614,Low
14219.0,83.28183,Low
14220.0,620.69446,Medium
14221.0,3297.912,High
14222.0,669.3999,Medium
14223.0,948.5551,Medium
14224.0,1073.9197,Medium
14226.0,2211.718,High
14227.0,3474.6958,High
14229.0,1472.9645,High
14231.0,785.6225,Medium
14232.0,2033.1647,High
14233.0,1464.0953,High
14234.0,778.677,Medium
14235.0,3066.83,High
14236.0,494.19043,Medium
14237.0,166.10582,Low
14238.0,150.7206,Low
14239.0,2328.271,High
14240.0,907.21936,Medium
14241.0,233.72186,Low
14242.0,295.70322,Low
14243.0,2478.8235,High
14245.0,1594.3734,High
14246.0,1454.0568,High
14247.0,130.66818,Low
14248.0,302.64874,Low
14250.0,1901.6088,High
14251.0,2842.7217,High
14256.0,940.229,Medium
14257.0,3070.1396,High
14258.0,12531.855,High
14259.0,122.69543,Low
14261.0,1105.0531,Medium
14262.0,2621.039,High
14264.0,307.64142,Low
14265.0,517.54004,Medium
14267.0,1278.4941,High
14270.0,498.18567,Medium
14271.0,114.20453,Low
14272.0,429.97296,Medium
14273.0,572.3122,Medium
14276.0,1013.96515,Medium
14277.0,4028.1414,High
14280.0,129.31198,Low
14282.0,3842.5513,High
14284.0,574.5771,Medium
14285.0,1849.6948,High
14286.0,4289.794,High
14287.0,157.14857,Low
14288.0,384.82043,Medium
14289.0,884.8752,Medium
14290.0,2336.169,High
14291.0,3897.0054,High
14292.0,4880.982,High
14293.0,1068.925,Medium
14295.0,159.97688,Low
14297.0,1274.5928,High
14298.0,50857.707,High
14299.0,2910.0925,High
14300.0,46.054882,Low
14301.0,618.94617,Medium
14304.0,205.10712,Low
14305.0,1793.0345,High
14306.0,2190.9448,High
14307.0,3040.6128,High
14309.0,2416.5156,High
14311.0,231.2076,Low
14312.0,1661.1272,High
14314.0,122.69543,Low
14315.0,2466.0576,High
14317.0,499.95444,Medium
14320.0,342.29196,Low
14321.0,1525.1218,High
14323.0,576.6286,Medium
14326.0,150.42291,Low
14327.0,314.75323,Low
14329.0,4907.7314,High
14331.0,493.89597,Medium
14332.0,875.7043,Medium
14333.0,350.70377,Low
14334.0,2537.4329,High
14335.0,491.24353,Medium
14336.0,1636.4722,High
14338.0,569.5624,Medium
14339.0,285.34656,Low
14340.0,130.66818,Low
14341.0,2198.2397,High
14342.0,587.9229,Medium
14344.0,893.5649,Medium
14345.0,116.08109,Low
14346.0,1024.8251,Medium
14348.0,405.45773,Medium
14349.0,130.96873,Low
14350.0,275.3281,Low
14351.0,43.73937,Low
14352.0,1089.1687,Medium
14353.0,95.092865,Low
14354.0,158.85619,Low
14355.0,175.09851,Low
14356.0,661.06323,Medium
14357.0,229.02441,Low
14359.0,868.4667,Medium
14360.0,2147.9722,High
14362.0,168.0771,Low
14364.0,3726.023,High
14367.0,9144.452,High
14368.0,158.14795,Low
14371.0,94.21461,Low
14373.0,80.76154,Low
14375.0,247.78879,Low
14377.0,612.6694,Medium
14379.0,350.70377,Low
14381.0,200.88055,Low
14382.0,602.64374,Medium
14383.0,1247.4707,High
14385.0,212.67233,Low
14386.0,144.93736,Low
14387.0,1724.9926,High
14388.0,3152.2097,High
14389.0,1016.6522,Medium
14390.0,4618.4824,High
14393.0,58.298904,Low
14395.0,3019.802,High
14396.0,494.4982,Medium
14397.0,2543.3254,High
14400.0,565.85156,Medium
14401.0,4005.2615,High
14403.0,1451.5502,High
14404.0,1448.2856,High
14406.0,156.79172,Low
14407.0,2035.6027,High
14408.0,2627.32,High
14409.0,1891.2899,High
14410.0,607.40454,Medium
14411.0,1036.7151,Medium
14412.0,768.12714,Medium
14413.0,128.18639,Low
14414.0,1506.0983,High
14415.0,5847.557,High
14416.0,497.37628,Medium
14418.0,1912.9315,High
14419.0,1048.1958,Medium
14420.0,369.5562,Low
14421.0,807.56476,Medium
14422.0,4085.3638,High
14423.0,249.15625,Low
14424.0,320.6813,Low
14426.0,3873.8096,High
14427.0,357.30923,Low
14428.0,1223.3114,High
14431.0,380.15576,Medium
14432.0,2188.799,High
14434.0,1363.8678,High
14436.0,83.84102,Low
14437.0,-26.994299,Low
14438.0,130.66818,Low
14439.0,2718.8381,High
14440.0,2417.0051,High
14441.0,1575.572,High
14442.0,1532.0681,High
14443.0,1419.3679,High
14446.0,1051.7493,Medium
14447.0,1119.2911,Medium
14448.0,378.20486,Medium
14449.0,872.3945,Medium
14450.0,459.288,Medium
14451.0,653.3478,Medium
14452.0,272.86072,Low
14453.0,122.01341,Low
14456.0,2994.7808,High
14457.0,114.925865,Low
14459.0,1864.3583,High
14460.0,378.14392,Medium
14461.0,2203.8948,High
14462.0,1890.1606,High
14463.0,513.5269,Medium
14465.0,1073.1199,Medium
14466.0,2308.021,High
14467.0,620.5304,Medium
14470.0,491.24353,Medium
14472.0,1912.7722,High
14473.0,231.0533,Low
14474.0,560.5489,Medium
14475.0,786.3741,Medium
14476.0,236.66365,Low
14477.0,1300.4323,High
14479.0,319.35425,Low
14480.0,291.62076,Low
14481.0,620.6156,Medium
14482.0,2030.3776,High
14483.0,123.6261,Low
14484.0,315.42236,Low
14485.0,169.64822,Low
14487.0,1178.8481,High
14488.0,1040.3253,Medium
14489.0,454.05005,Medium
14491.0,346.81973,Low
14493.0,2307.933,High
14494.0,141.48068,Low
14495.0,113.47917,Low
14496.0,564.4992,Medium
14497.0,435.72006,Medium
14498.0,1985.2651,High
14499.0,782.4254,Medium
14500.0,334.90472,Low
14501.0,200.1233,Low
14502.0,2346.177,High
14503.0,3601.2678,High
14504.0,663.27563,Medium
14505.0,5751.6377,High
14506.0,1973.5018,High
14507.0,1391.4556,High
14508.0,294.61057,Low
14511.0,1268.9727,High
14512.0,294.347,Low
14513.0,437.36902,Medium
14514.0,1058.8652,Medium
14515.0,2093.306,High
14517.0,351.68384,Low
14518.0,170.59387,Low
14520.0,277.31873,Low
14522.0,966.182,Medium
14523.0,233.65175,Low
14524.0,1865.1792,High
14525.0,4164.953,High
14527.0,22938.309,High
14528.0,371.7522,Low
14529.0,603.5064,Medium
14530.0,2906.5427,High
14532.0,909.1806,Medium
14533.0,1786.8702,High
14534.0,4638.0693,High
14535.0,2824.3342,High
14536.0,176.01668,Low
14537.0,351.3937,Low
14538.0,375.50882,Medium
14539.0,565.80774,Medium
14540.0,1009.9008,Medium
14541.0,1449.9117,High
14542.0,98.55271,Low
14543.0,2935.5176,High
14544.0,2005.8162,High
14546.0,2471.1619,High
14547.0,3916.4287,High
14548.0,654.64056,Medium
14549.0,291.13068,Low
14550.0,757.6409,Medium
14551.0,177.63599,Low
14552.0,168.22655,Low
14553.0,829.824,Medium
14554.0,2285.448,High
14555.0,326.9528,Low
14557.0,1.5559508,Low
14560.0,2160.5308,High
14561.0,1083.9429,Medium
14562.0,4731.253,High
14565.0,3075.8352,High
14566.0,1432.5991,High
14567.0,1567.1312,High
14569.0,216.25835,Low
14570.0,226.91911,Low
14572.0,2843.9744,High
14573.0,1580.5077,High
14576.0,28.101822,Low
14577.0,851.3197,Medium
14578.0,167.1941,Low
14581.0,141.66118,Low
14582.0,116.79102,Low
14583.0,1044.7793,Medium
14584.0,1019.4883,Medium
14585.0,152.67905,Low
14586.0,161.65805,Low
14587.0,1605.411,High
14589.0,28.101822,Low
14591.0,1444.1909,High
14592.0,572.3687,Medium
14593.0,612.3328,Medium
14594.0,377.4054,Medium
14595.0,1764.9263,High
14597.0,907.26465,Medium
14598.0,219.89368,Low
14600.0,396.91467,Medium
14601.0,231.95967,Low
14603.0,653.69916,Medium
14606.0,11724.581,High
14607.0,11324.103,High
14608.0,1783.3079,High
14609.0,611.9541,Medium
14616.0,387.02826,Medium
14618.0,533.4958,Medium
14619.0,371.3045,Low
14620.0,387.02826,Medium
14621.0,1776.685,High
14622.0,316.71518,Low
14623.0,824.9706,Medium
14624.0,229.85121,Low
14625.0,815.7662,Medium
14626.0,2768.6426,High
14627.0,-31.792095,Low
14628.0,663.8624,Medium
14629.0,951.1484,Medium
14631.0,1006.6916,Medium
14632.0,119.21434,Low
14633.0,348.1216,Low
14636.0,616.47473,Medium
14638.0,444.34988,Medium
14639.0,2921.4944,High
14640.0,2027.6847,High
14641.0,117.165215,Low
14642.0,82.88598,Low
14643.0,667.1119,Medium
14644.0,792.50665,Medium
14645.0,599.2086,Medium
14646.0,279473.6,High
14647.0,237.07193,Low
14649.0,1417.3401,High
14651.0,653.1232,Medium
14652.0,111.57465,Low
14653.0,1930.715,High
14655.0,1980.5017,High
14656.0,300.57858,Low
14657.0,815.9965,Medium
14658.0,262.40372,Low
14659.0,2433.4172,High
14660.0,298.48923,Low
14661.0,115.78297,Low
14662.0,777.2948,Medium
14664.0,625.4967,Medium
14665.0,1278.5724,High
14666.0,195.48955,Low
14667.0,9963.511,High
14669.0,1253.0083,High
14670.0,384.82043,Medium
14672.0,757.30664,Medium
14673.0,1775.7745,High
14675.0,595.94385,Medium
14676.0,2533.048,High
14679.0,38.618862,Low
14680.0,26368.885,High
14681.0,481.84164,Medium
14682.0,35.128338,Low
14684.0,1170.577,High
14687.0,614.21826,Medium
14688.0,5132.5576,High
14689.0,114.925865,Low
14690.0,335.53873,Low
14691.0,2136.0132,High
14692.0,599.6729,Medium
14693.0,176.51236,Low
14696.0,1976.1881,High
14697.0,166.1691,Low
14698.0,1191.8512,High
14699.0,114.20453,Low
14700.0,2250.982,High
14701.0,2433.4172,High
14702.0,3176.5432,High
14703.0,321.1588,Low
14704.0,1599.0781,High
14705.0,178.9688,Low
14708.0,1121.572,Medium
14709.0,4903.5967,High
14710.0,627.51135,Medium
14711.0,2835.368,High
14712.0,940.572,Medium
14713.0,2628.5964,High
14714.0,165.67834,Low
14715.0,830.3218,Medium
14716.0,326.9528,Low
14719.0,1655.1671,High
14720.0,675.37195,Medium
14722.0,187.75708,Low
14723.0,1193.8291,High
14725.0,710.4529,Medium
14727.0,249.15625,Low
14729.0,317.76477,Low
14730.0,2009.9077,High
14731.0,379.78293,Medium
14732.0,2705.8696,High
14733.0,9388.323,High
14735.0,5787.9136,High
14737.0,1130.3911,Medium
14738.0,1313.0437,High
14739.0,3935.4211,High
14740.0,1431.823,High
14741.0,1438.2095,High
14744.0,1103.0416,Medium
14745.0,1186.4883,High
14747.0,297.6991,Low
14748.0,1268.2074,High
14752.0,395.92892,Medium
14753.0,576.0465,Medium
14754.0,620.23785,Medium
14755.0,4988.9297,High
14756.0,751.5767,Medium
14757.0,424.918,Medium
14758.0,1482.8049,High
14759.0,1642.962,High
14760.0,28.294168,Low
14761.0,272.56586,Low
14762.0,302.64874,Low
14764.0,264.96655,Low
14765.0,257.15863,Low
14766.0,2445.9656,High
14768.0,160.3519,Low
14769.0,10542.203,High
14770.0,911.25696,Medium
14772.0,142.32027,Low
14775.0,1006.6916,Medium
14776.0,2223.906,High
14777.0,-25.174698,Low
14778.0,742.76514,Medium
14779.0,371.14267,Low
14780.0,431.76978,Medium
14782.0,197.40776,Low
14784.0,297.37054,Low
14785.0,66.362755,Low
14788.0,662.9063,Medium
14789.0,195.48955,Low
14790.0,755.93115,Medium
14792.0,1.5559508,Low
14793.0,224.95393,Low
14794.0,1293.0037,High
14795.0,129.31198,Low
14796.0,8511.128,High
14798.0,190.19476,Low
14799.0,152.67905,Low
14800.0,4250.695,High
14801.0,188.51758,Low
14803.0,795.7432,Medium
14804.0,345.59024,Low
14805.0,581.19775,Medium
14806.0,188.20981,Low
14808.0,2109.0273,High
14810.0,2042.327,High
14813.0,165.92662,Low
14815.0,766.5101,Medium
14816.0,285.46313,Low
14817.0,1104.8893,Medium
14818.0,671.87836,Medium
14819.0,272.56586,Low
14820.0,519.1991,Medium
14821.0,36.773613,Low
14823.0,329.4534,Low
14824.0,1119.4509,Medium
14825.0,2230.3337,High
14828.0,2215.5654,High
14829.0,643.9118,Medium
14830.0,189.007,Low
14834.0,1697.8768,High
14836.0,107.70182,Low
14837.0,1604.0586,High
14840.0,58.298904,Low
14841.0,3286.9114,High
14842.0,2514.0737,High
14844.0,3297.3928,High
14847.0,314.75323,Low
14849.0,7944.9946,High
14850.0,295.70322,Low
14851.0,514.5578,Medium
14852.0,2837.859,High
14853.0,457.72928,Medium
14854.0,2794.8262,High
14855.0,621.53064,Medium
14856.0,1292.9885,High
14857.0,1142.144,High
14859.0,1331.0217,High
14860.0,163.61879,Low
14861.0,121.11524,Low
14862.0,858.7631,Medium
14863.0,252.63942,Low
14865.0,14.161878,Low
14866.0,14249.312,High
14867.0,699.4719,Medium
14868.0,2919.0715,High
14869.0,739.6203,Medium
14870.0,336.87988,Low
14871.0,518.56915,Medium
14873.0,519.75134,Medium
14875.0,1464.4391,High
14878.0,1514.3276,High
14880.0,733.295,Medium
14881.0,251.3192,Low
14882.0,603.1439,Medium
14883.0,837.51,Medium
14885.0,783.0077,Medium
14886.0,372.40833,Low
14887.0,1792.111,High
14888.0,380.53604,Medium
14889.0,130.66818,Low
14890.0,129.1763,Low
14891.0,565.85156,Medium
14893.0,1257.3303,High
14894.0,657.44684,Medium
14895.0,11041.538,High
14896.0,495.6443,Medium
14897.0,1355.5896,High
14898.0,1346.815,High
14901.0,1422.8771,High
14902.0,317.703,Low
14903.0,2772.895,High
14904.0,1029.9551,Medium
14905.0,598.5217,Medium
14907.0,3448.0994,High
14908.0,286.36182,Low
14910.0,394.0073,Medium
14911.0,132568.55,High
14912.0,797.42694,Medium
14913.0,1290.8857,High
14915.0,253.4939,Low
14916.0,1288.3898,High
14918.0,1654.5238,High
14920.0,978.41693,Medium
14921.0,1302.0212,High
14923.0,778.6235,Medium
14924.0,316.10947,Low
14929.0,236.26566,Low
14930.0,2391.2449,High
14931.0,999.15845,Medium
14932.0,354.16766,Low
14934.0,1863.2762,High
14935.0,1824.9596,High
14936.0,8159.232,High
14937.0,1634.5542,High
14944.0,5831.9517,High
14946.0,98.98711,Low
14947.0,298.49057,Low
14948.0,1053.9122,Medium
14950.0,362.10263,Low
14951.0,315.36758,Low
14952.0,8271.087,High
14953.0,288.7734,Low
14954.0,335.25043,Low
14957.0,58.298904,Low
14958.0,479.0918,Medium
14959.0,678.4677,Medium
14960.0,229.85294,Low
14961.0,7038.2007,High
14962.0,128.93019,Low
14963.0,1496.3729,High
14964.0,202.07246,Low
14965.0,598.8166,Medium
14966.0,194.87148,Low
14967.0,468.49094,Medium
14968.0,146.79544,Low
14970.0,1610.4587,High
14971.0,1110.8728,Medium
14972.0,118.54014,Low
14973.0,1299.5374,High
14974.0,114.15386,Low
14975.0,290.89587,Low
14976.0,711.33795,Medium
14978.0,1982.7101,High
14981.0,94.21461,Low
14984.0,208.33409,Low
14985.0,300.79633,Low
14987.0,329.3635,Low
14988.0,340.60568,Low
14995.0,233.77875,Low
14997.0,527.81744,Medium
14998.0,425.01013,Medium
15000.0,483.51538,Medium
15002.0,1643.5535,High
15004.0,1228.0364,High
15005.0,6200.4673,High
15006.0,497.75137,Medium
15007.0,156.79172,Low
15009.0,1243.0864,High
15010.0,321.99564,Low
15012.0,419.11246,Medium
15014.0,270.45,Low
15016.0,170.77881,Low
15017.0,127.75847,Low
15018.0,468.84256,Medium
15019.0,249.15625,Low
15021.0,1871.727,High
15022.0,872.3945,Medium
15023.0,6192.7783,High
15024.0,1667.8397,High
15025.0,385.53217,Medium
15026.0,459.52734,Medium
15027.0,1045.9657,Medium
15028.0,649.05347,Medium
15030.0,511.1796,Medium
15031.0,666.969,Medium
15032.0,4519.0986,High
15033.0,2540.6792,High
15034.0,4270.2104,High
15035.0,247.18872,Low
15036.0,448.84366,Medium
15038.0,651.7354,Medium
15039.0,19799.207,High
15041.0,180.76929,Low
15042.0,130.66818,Low
15043.0,546.24335,Medium
15044.0,7629.181,High
15045.0,650.73486,Medium
15046.0,5116.9297,High
15047.0,348.1216,Low
15048.0,376.61026,Medium
15049.0,123.36963,Low
15050.0,1737.0472,High
15051.0,1370.2285,High
15052.0,236.66365,Low
15053.0,724.70087,Medium
15054.0,301.4283,Low
15057.0,1479.6617,High
15058.0,2138.479,High
15059.0,1305.9762,High
15060.0,281.2867,Low
15061.0,54222.715,High
15062.0,948.05225,Medium
15063.0,380.53604,Medium
15065.0,3155.7126,High
15066.0,758.11414,Medium
15067.0,1756.4175,High
15068.0,563.64954,Medium
15069.0,1189.6888,High
15070.0,107.655205,Low
15071.0,976.66864,Medium
15073.0,641.24976,Medium
15074.0,764.55084,Medium
15075.0,767.77295,Medium
15076.0,880.21924,Medium
15078.0,9616.711,High
15079.0,810.0719,Medium
15081.0,469.05963,Medium
15083.0,91.35106,Low
15087.0,313.06448,Low
15088.0,1122.8955,Medium
15089.0,2347.6726,High
15090.0,385.20154,Medium
15091.0,491.6939,Medium
15092.0,435.72006,Medium
15093.0,4400.651,High
15095.0,1349.1802,High
15096.0,222.40488,Low
15097.0,248.3091,Low
15098.0,646.6853,Medium
15099.0,401.63016,Medium
15100.0,635.7586,Medium
15101.0,317.84305,Low
15103.0,708.06055,Medium
15104.0,1010.2693,Medium
15105.0,2297.7974,High
15106.0,1423.0115,High
15107.0,285.1444,Low
15108.0,1282.9021,High
15109.0,495.6443,Medium
15110.0,968.61255,Medium
15111.0,1575.9124,High
15113.0,3457.3647,High
15114.0,2774.903,High
15115.0,342.76636,Low
15116.0,1350.3525,High
15117.0,1641.8055,High
15118.0,235.71571,Low
15119.0,249.15625,Low
15120.0,348.03247,Low
15121.0,431.76978,Medium
15122.0,1652.9307,High
15123.0,2226.5823,High
15124.0,177.48596,Low
15125.0,11101.106,High
15127.0,412.90762,Medium
15128.0,1381.8375,High
15129.0,3524.0952,High
15130.0,335.52365,Low
15132.0,1008.9904,Medium
15133.0,1000.6554,Medium
15134.0,1370.3585,High
15135.0,116.79192,Low
15136.0,1300.4607,High
15139.0,166.1691,Low
15140.0,2330.809,High
15142.0,497.75137,Medium
15143.0,249.145,Low
15144.0,6571.231,High
15145.0,1206.471,High
15146.0,1299.9294,High
15147.0,610.98065,Medium
15148.0,294.4749,Low
15149.0,521.4319,Medium
15150.0,5378.576,High
15152.0,4509.1704,High
15153.0,337.70123,Low
15154.0,231.0533,Low
15156.0,950.5079,Medium
15157.0,1829.4531,High
15158.0,412.88882,Medium
15159.0,18603.562,High
15160.0,158.14795,Low
15163.0,307.6116,Low
15164.0,797.66895,Medium
15165.0,494.61075,Medium
15167.0,169.58276,Low
15168.0,97.545746,Low
15171.0,1026.5732,Medium
15172.0,1593.548,High
15174.0,130.66818,Low
15175.0,229.02441,Low
15178.0,35.050957,Low
15179.0,2192.771,High
15180.0,73.00546,Low
15181.0,678.7876,Medium
15182.0,612.27734,Medium
15184.0,395.01782,Medium
15185.0,315.67535,Low
15186.0,396.4592,Medium
15187.0,4680.8433,High
15189.0,12399.444,High
15192.0,1062.0508,Medium
15193.0,497.75137,Medium
15194.0,7521.1704,High
15195.0,3735.6675,High
15197.0,675.2292,Medium
15198.0,210.12723,Low
15199.0,1298.6951,High
15201.0,950.06976,Medium
15203.0,1783.3423,High
15204.0,317.27158,Low
15205.0,669.74225,Medium
15206.0,427.0843,Medium
15208.0,793.8647,Medium
15210.0,336.87988,Low
15211.0,907.10223,Medium
15212.0,101.51044,Low
15213.0,322.1179,Low
15214.0,1675.3185,High
15215.0,616.918,Medium
15216.0,90.27285,Low
15218.0,5763.9854,High
15219.0,311.70825,Low
15220.0,1762.6887,High
15221.0,115.31411,Low
15222.0,588.64105,Medium
15223.0,458.21127,Medium
15224.0,305.12265,Low
15225.0,405.45773,Medium
15226.0,158.14795,Low
15227.0,1172.8782,High
15228.0,3392.781,High
15230.0,426.36636,Medium
15232.0,609.23236,Medium
15234.0,190.19891,Low
15235.0,2255.111,High
15236.0,318.0714,Low
15237.0,1405.2625,High
15238.0,1046.2185,Medium
15239.0,762.20526,Medium
15240.0,1675.9049,High
15241.0,1747.834,High
15243.0,315.67535,Low
15244.0,618.70624,Medium
15245.0,2498.3176,High
15246.0,515.12994,Medium
15247.0,351.72968,Low
15249.0,6715.2886,High
15251.0,10404.517,High
15252.0,754.6253,Medium
15253.0,885.3702,Medium
15254.0,301.2925,Low
15255.0,886.1454,Medium
15256.0,98.55271,Low
15257.0,231.2076,Low
15258.0,612.6694,Medium
15260.0,1820.3591,High
15261.0,248.26228,Low
15262.0,179.43187,Low
15263.0,156.79172,Low
15264.0,393.78384,Medium
15265.0,1488.0264,High
15266.0,123.36963,Low
15267.0,1749.9929,High
15269.0,410.79907,Medium
15270.0,2302.6414,High
15271.0,2402.2798,High
15272.0,729.5082,Medium
15274.0,708.8356,Medium
15275.0,618.6831,Medium
15276.0,122.60712,Low
15277.0,246.06027,Low
15279.0,295.70322,Low
15280.0,119.26397,Low
15281.0,2247.561,High
15286.0,231.44974,Low
15287.0,470.4723,Medium
15288.0,2386.087,High
15289.0,923.1502,Medium
15290.0,7743.0747,High
15291.0,4536.1353,High
15292.0,183.74832,Low
15296.0,3545.927,High
15297.0,649.3466,Medium
15298.0,3811.5525,High
15299.0,4080.1213,High
15300.0,492.4447,Medium
15301.0,5038.3115,High
15303.0,574.36597,Medium
15304.0,692.73486,Medium
15306.0,1139.999,High
15307.0,200.71625,Low
15308.0,302.46185,Low
15311.0,59422.684,High
15312.0,952.1647,Medium
15313.0,48.35016,Low
15314.0,336.87988,Low
15315.0,558.7444,Medium
15316.0,169.58276,Low
15318.0,317.45148,Low
15319.0,202.07246,Low
15320.0,245.59802,Low
15321.0,2702.9463,High
15322.0,582.26465,Medium
15325.0,168.22655,Low
15326.0,316.10947,Low
15327.0,226.70073,Low
15329.0,1012.2139,Medium
15330.0,720.6046,Medium
15332.0,1679.4897,High
15333.0,1022.50525,Medium
15334.0,334.22272,Low
15335.0,170.59387,Low
15339.0,558.7444,Medium
15341.0,1977.3792,High
15342.0,370.04565,Low
15343.0,374.08896,Medium
15344.0,485.9769,Medium
15345.0,364.1425,Low
15346.0,250.06438,Low
15347.0,195.99391,Low
15348.0,152.67905,Low
15349.0,494.28802,Medium
15350.0,132.65492,Low
15351.0,1855.0801,High
15353.0,766.68933,Medium
15355.0,293.2283,Low
15356.0,2794.5264,High
15358.0,8238.05,High
15360.0,420.4254,Medium
15361.0,418.143,Medium
15363.0,319.35425,Low
15364.0,920.94214,Medium
15365.0,1369.3605,High
15366.0,586.20776,Medium
15367.0,1831.8861,High
15368.0,445.08734,Medium
15369.0,-2132.7307,Low
15370.0,2336.3154,High
15372.0,1993.6659,High
15373.0,2287.535,High
15374.0,169.29822,Low
15376.0,1218.0964,High
15379.0,3577.2957,High
15380.0,1698.4703,High
15381.0,600.5649,Medium
15382.0,6358.8145,High
15384.0,651.1269,Medium
15385.0,321.40643,Low
15386.0,395.5584,Medium
15388.0,144.93736,Low
15389.0,507.17316,Medium
15392.0,1492.884,High
15393.0,228.74025,Low
15394.0,2209.12,High
15395.0,114.20453,Low
15396.0,289.77444,Low
15397.0,95.092865,Low
15398.0,1313.605,High
15399.0,768.2705,Medium
15400.0,667.4265,Medium
15402.0,612.27734,Medium
15405.0,348.49527,Low
15406.0,427.0843,Medium
15407.0,1101.0696,Medium
15408.0,249.15625,Low
15410.0,3440.9116,High
15411.0,1332.8042,High
15412.0,186.78326,Low
15414.0,764.0267,Medium
15415.0,574.36597,Medium
15416.0,3858.3755,High
15417.0,513.8122,Medium
15419.0,129.52737,Low
15421.0,899.93915,Medium
15422.0,101.51044,Low
15423.0,45.863583,Low
15424.0,371.3045,Low
15426.0,1439.8159,High
15427.0,1465.6418,High
15428.0,88.47398,Low
15429.0,342.98297,Low
15432.0,172.56871,Low
15433.0,421.32404,Medium
15434.0,1024.4672,Medium
15435.0,148.75131,Low
15436.0,1123.1211,Medium
15437.0,197.40776,Low
15438.0,156.79172,Low
15440.0,379.78293,Medium
15442.0,569.9758,Medium
15443.0,3156.0593,High
15444.0,1411.8981,High
15445.0,114.925865,Low
15447.0,158.14795,Low
15448.0,498.18567,Medium
15449.0,1007.5491,Medium
15450.0,421.9167,Medium
15452.0,516.0667,Medium
15453.0,1424.062,High
15454.0,178.01802,Low
15456.0,438.83813,Medium
15457.0,231.77203,Low
15458.0,166.69485,Low
15460.0,232.38206,Low
15462.0,240.48055,Low
15463.0,124.81434,Low
15464.0,1036.7151,Medium
15465.0,6673.892,High
15466.0,342.28632,Low
15467.0,519.42474,Medium
15468.0,465.73438,Medium
15469.0,510.53906,Medium
15471.0,481.8314,Medium
15472.0,383.49713,Medium
15473.0,1479.0674,High
15475.0,455.25113,Medium
15478.0,1412.2135,High
15480.0,898.6537,Medium
15482.0,6588.6406,High
15483.0,229.15385,Low
15484.0,3574.647,High
15485.0,2589.6462,High
15488.0,87.582825,Low
15489.0,1116.7097,Medium
15491.0,3118.731,High
15492.0,653.39453,Medium
15493.0,2002.4926,High
15494.0,1300.2078,High
15497.0,1243.0864,High
15498.0,12224.582,High
15500.0,1119.158,Medium
15502.0,5021.6104,High
15503.0,149.30675,Low
15504.0,54.27819,Low
15505.0,3479.3005,High
15506.0,995.70514,Medium
15507.0,496.82944,Medium
15508.0,1019.06,Medium
15510.0,250.06438,Low
15511.0,889.26117,Medium
15512.0,117.33152,Low
15513.0,14471.586,High
15514.0,3007.91,High
15516.0,65.538925,Low
15517.0,249.15625,Low
15518.0,1909.1727,High
15520.0,339.38327,Low
15521.0,2608.989,High
15522.0,391.11182,Medium
15523.0,401.63016,Medium
15524.0,443.11716,Medium
15525.0,823.1623,Medium
15526.0,161.19624,Low
15527.0,2413.364,High
15528.0,232.58264,Low
15529.0,3960.5547,High
15530.0,1482.7588,High
15531.0,2009.6283,High
15532.0,1606.5986,High
15533.0,750.81116,Medium
15535.0,487.30057,Medium
15537.0,118.54263,Low
15539.0,548.5645,Medium
15540.0,231.95967,Low
15541.0,83.84102,Low
15543.0,128.93019,Low
15544.0,3721.1018,High
15545.0,294.25485,Low
15547.0,4940.968,High
15549.0,1657.5369,High
15550.0,585.44214,Medium
15551.0,443.44943,Medium
15552.0,95.092865,Low
15553.0,442.99994,Medium
15554.0,232.38206,Low
15555.0,4756.168,High
15556.0,293.40323,Low
15557.0,480.16016,Medium
15561.0,704.44666,Medium
15562.0,130.66818,Low
15563.0,1349.1194,High
15565.0,164.8158,Low
15567.0,184.24405,Low
15568.0,764.43176,Medium
15569.0,1349.1802,High
15570.0,4070.3472,High
15571.0,651.1573,Medium
15572.0,2602.8232,High
15573.0,595.0442,Medium
15574.0,699.4719,Medium
15576.0,944.60144,Medium
15577.0,252.81189,Low
15578.0,127.574005,Low
15579.0,350.70377,Low
15581.0,3463.036,High
15582.0,681.1229,Medium
15584.0,703.0053,Medium
15585.0,452.69382,Medium
15587.0,863.5089,Medium
15589.0,471.9286,Medium
15590.0,-30.7956,Low
15592.0,395.92892,Medium
15593.0,196.21585,Low
15594.0,1801.4928,High
15596.0,1371.4316,High
15597.0,316.48727,Low
15598.0,246.14738,Low
15599.0,756.79504,Medium
15601.0,5684.23,High
15602.0,1001.7524,Medium
15603.0,49.15442,Low
15604.0,224.00467,Low
15605.0,1132.01,Medium
15606.0,2434.371,High
15607.0,94.21461,Low
15608.0,1118.5513,Medium
15609.0,273.97186,Low
15610.0,111.83776,Low
15611.0,1599.4736,High
15612.0,210.95625,Low
15615.0,10344.194,High
15618.0,748.5812,Medium
15619.0,335.25043,Low
15620.0,1607.3204,High
15621.0,1186.8,High
15622.0,3305.816,High
15623.0,301.2925,Low
15624.0,606.1178,Medium
15625.0,1506.0983,High
15626.0,666.8999,Medium
15628.0,2867.2998,High
15630.0,1144.4746,High
15632.0,3139.7856,High
15634.0,238.77263,Low
15636.0,725.93835,Medium
15637.0,229.02441,Low
15638.0,-1050.6003,Low
15639.0,419.4565,Medium
15640.0,12445.561,High
15641.0,1827.9836,High
15643.0,643.1851,Medium
15644.0,821.5572,Medium
15645.0,596.1564,Medium
15646.0,415.44882,Medium
15648.0,619.5722,Medium
15649.0,805.77844,Medium
15651.0,667.19446,Medium
15652.0,342.28632,Low
15653.0,909.50867,Medium
15654.0,927.05804,Medium
15655.0,513.3084,Medium
15656.0,751.0644,Medium
15657.0,16.319017,Low
15658.0,929.9807,Medium
15659.0,312.8549,Low
15660.0,1558.7943,High
15661.0,315.91208,Low
15663.0,142.32027,Low
15664.0,350.70377,Low
15665.0,2255.8093,High
15667.0,294.72253,Low
15668.0,85.237045,Low
15669.0,680.7574,Medium
15670.0,176.51236,Low
15671.0,2699.4006,High
15673.0,2773.6445,High
15674.0,1737.4465,High
15675.0,332.57748,Low
15676.0,3323.92,High
15677.0,653.71185,Medium
15678.0,352.29016,Low
15679.0,791.0653,Medium
15680.0,1313.605,High
15681.0,989.50555,Medium
15683.0,188.35327,Low
15687.0,2951.368,High
15689.0,274.65387,Low
15690.0,225.91689,Low
15691.0,143.6765,Low
15692.0,193.43011,Low
15694.0,6438.557,High
15695.0,384.82043,Medium
15696.0,2670.864,High
15699.0,321.1588,Low
15700.0,662.8003,Medium
15701.0,1587.9121,High
15703.0,235.0781,Low
15704.0,2235.533,High
15705.0,146.13382,Low
15706.0,976.7336,Medium
15707.0,920.73883,Medium
15708.0,3356.3872,High
15709.0,130.66818,Low
15712.0,1053.28,Medium
15713.0,332.29678,Low
15714.0,346.85336,Low
15716.0,1114.6931,Medium
15717.0,150.25696,Low
15719.0,5082.0127,High
15720.0,601.089,Medium
15721.0,500.34152,Medium
15722.0,2051.1853,High
15723.0,200.65862,Low
15724.0,199.66826,Low
15725.0,421.38855,Medium
15727.0,5049.989,High
15728.0,-147.56853,Low
15729.0,65.05887,Low
15730.0,1117.0107,Medium
15732.0,297.6991,Low
15733.0,169.58276,Low
15734.0,1339.6108,High
15737.0,1149.0717,High
15738.0,4774.91,High
15739.0,444.12537,Medium
15740.0,152.67905,Low
15743.0,792.50665,Medium
15744.0,31.623398,Low
15745.0,1048.1958,Medium
15746.0,173.6853,Low
15747.0,995.7643,Medium
15748.0,148.33243,Low
15749.0,9036.419,High
15750.0,2467.2449,High
15752.0,2660.768,High
15753.0,75.94477,Low
15754.0,464.00125,Medium
15755.0,2185.8933,High
15756.0,527.81744,Medium
15757.0,718.00903,Medium
15758.0,207.3631,Low
15759.0,242.0794,Low
15762.0,561.4724,Medium
15763.0,1054.7432,Medium
15764.0,3259.1042,High
15766.0,311.42438,Low
15768.0,577.4733,Medium
15769.0,51842.035,High
15773.0,609.6953,Medium
15774.0,283.26114,Low
15775.0,94.21461,Low
15776.0,235.71571,Low
15777.0,1030.1654,Medium
15780.0,457.47733,Medium
15781.0,364.22968,Low
15782.0,2600.896,High
15783.0,238.77263,Low
15785.0,2267.8115,High
15786.0,4827.8257,High
15787.0,955.1502,Medium
15789.0,348.43762,Low
15790.0,227.66385,Low
15791.0,1674.4573,High
15793.0,903.5353,Medium
15795.0,606.885,Medium
15796.0,2565.7412,High
15797.0,2214.9841,High
15799.0,917.131,Medium
15800.0,708.61285,Medium
15801.0,1064.3638,Medium
15802.0,-471.99832,Low
15803.0,420.4254,Medium
15804.0,3821.833,High
15805.0,5480.1265,High
15806.0,768.9162,Medium
15807.0,904.16144,Medium
15808.0,3701.919,High
15809.0,398.70328,Medium
15810.0,1151.8458,High
15811.0,2217.2322,High
15812.0,1782.834,High
15813.0,1305.1292,High
15814.0,1813.6057,High
15815.0,2126.7166,High
15819.0,1845.5522,High
15820.0,202.07246,Low
15821.0,563.5886,Medium
15822.0,911.3991,Medium
15823.0,-1038.1284,Low
15825.0,543.5185,Medium
15826.0,1640.729,High
15827.0,1640.2207,High
15829.0,620.2236,Medium
15830.0,567.5902,Medium
15831.0,751.0644,Medium
15832.0,843.8682,Medium
15834.0,2076.197,High
15835.0,912.4822,Medium
15836.0,111.78412,Low
15837.0,398.03482,Medium
15838.0,33352.5,High
15839.0,1034.9722,Medium
15840.0,335.04663,Low
15841.0,1232.247,High
15843.0,123.36963,Low
15844.0,122.60712,Low
15845.0,3589.513,High
15847.0,375.72107,Medium
15850.0,231.34818,Low
15852.0,157.2571,Low
15853.0,111.83776,Low
15854.0,2969.5173,High
15855.0,675.8785,Medium
15856.0,16157.023,High
15857.0,294.4749,Low
15858.0,1464.4391,High
15860.0,935.7399,Medium
15861.0,2926.783,High
15862.0,827.3763,Medium
15863.0,53.806335,Low
15864.0,1794.55,High
15865.0,909.66797,Medium
15866.0,231.22643,Low
15867.0,3881.2253,High
15869.0,150.42291,Low
15870.0,353.7647,Low
15872.0,362.10263,Low
15874.0,4271.9067,High
15877.0,445.34616,Medium
15880.0,317.94037,Low
15881.0,531.18024,Medium
15882.0,556.3259,Medium
15883.0,384.2617,Medium
15885.0,377.03308,Medium
15886.0,177.19936,Low
15888.0,125.42873,Low
15889.0,434.36383,Medium
15891.0,530.11633,Medium
15894.0,275.3281,Low
15895.0,177.98074,Low
15897.0,231.25722,Low
15898.0,1396.06,High
15899.0,50.64024,Low
15900.0,343.65036,Low
15901.0,344.42435,Low
15903.0,5124.4814,High
15904.0,167.84306,Low
15906.0,1529.7836,High
15907.0,964.4535,Medium
15909.0,188.35327,Low
15910.0,1271.4467,High
15912.0,273.97186,Low
15916.0,1476.2961,High
15917.0,123.36963,Low
15918.0,345.33914,Low
15919.0,625.4967,Medium
15920.0,158.41618,Low
15921.0,339.24945,Low
15922.0,359.2628,Low
15923.0,142.37079,Low
15925.0,200.71625,Low
15930.0,425.22577,Medium
15932.0,2460.0486,High
15933.0,1112.4023,Medium
15935.0,384.82043,Medium
15937.0,148.45015,Low
15938.0,465.15665,Medium
15939.0,6068.307,High
15940.0,18.456985,Low
15942.0,342.28632,Low
15944.0,336.87988,Low
15945.0,182.33447,Low
15947.0,1817.7389,High
15948.0,957.61334,Medium
15949.0,363.05167,Low
15950.0,1769.3285,High
15951.0,659.9548,Medium
15952.0,826.0251,Medium
15953.0,1621.2373,High
15955.0,4364.459,High
15957.0,426.62076,Medium
15958.0,95.05348,Low
15963.0,483.01938,Medium
15965.0,835.80316,Medium
15967.0,424.3123,Medium
15969.0,586.0453,Medium
15970.0,317.27158,Low
15971.0,4345.4106,High
15973.0,120.34249,Low
15974.0,3420.9888,High
15975.0,382.21667,Medium
15976.0,425.01013,Medium
15977.0,1040.9728,Medium
15978.0,1104.7141,Medium
15980.0,2508.649,High
15981.0,3414.5698,High
15983.0,1482.7588,High
15984.0,2775.672,High
15985.0,1009.87726,Medium
15986.0,167.76653,Low
15987.0,1439.8159,High
15988.0,156.70139,Low
15990.0,770.806,Medium
15992.0,34.327274,Low
15993.0,2770.4539,High
15994.0,425.4503,Medium
15996.0,1029.5142,Medium
15998.0,3067.741,High
16000.0,6989.305,High
16003.0,2802.653,High
16005.0,641.24976,Medium
16006.0,94.21461,Low
16007.0,1675.9836,High
16008.0,470.42786,Medium
16009.0,956.87866,Medium
16010.0,387.02826,Medium
16011.0,3338.6833,High
16012.0,1368.5322,High
16013.0,33354.785,High
16014.0,647.30457,Medium
16015.0,692.7376,Medium
16016.0,1471.9154,High
16017.0,226.70073,Low
16018.0,393.37665,Medium
16019.0,3443.8691,High
16020.0,797.42694,Medium
16022.0,612.5377,Medium
16023.0,735.92694,Medium
16024.0,251.76509,Low
16025.0,443.11716,Medium
16026.0,228.2138,Low
16027.0,889.71173,Medium
16029.0,50976.902,High
16030.0,336.87988,Low
16031.0,562.7509,Medium
16033.0,9649.539,High
16034.0,433.8064,Medium
16036.0,752.1733,Medium
16037.0,875.2654,Medium
16038.0,448.71133,Medium
16040.0,1290.1509,High
16041.0,3124.9517,High
16042.0,1158.4048,High
16043.0,772.72,Medium
16045.0,1356.833,High
16048.0,240.48055,Low
16049.0,1109.4297,Medium
16050.0,142.32027,Low
16052.0,356.9262,Low
16053.0,1463.9683,High
16054.0,777.5583,Medium
16055.0,130.66818,Low
16056.0,670.88654,Medium
16057.0,2075.0942,High
16059.0,1436.0038,High
16061.0,-30.7956,Low
16062.0,1215.8818,High
16063.0,340.60568,Low
16065.0,380.40262,Medium
16066.0,1525.1218,High
16070.0,859.54987,Medium
16071.0,334.23083,Low
16072.0,588.64105,Medium
16073.0,101.51044,Low
16076.0,2126.5063,High
16078.0,85.237045,Low
16079.0,1335.9172,High
16080.0,189.887,Low
16081.0,2846.1138,High
16083.0,1305.8146,High
16084.0,441.26657,Medium
16085.0,1008.9313,Medium
16086.0,1169.7706,High
16091.0,317.60596,Low
16092.0,761.79956,Medium
16093.0,-6.2274227,Low
16094.0,1048.1958,Medium
16096.0,318.0714,Low
16097.0,185.06323,Low
16098.0,1957.2141,High
16099.0,736.407,Medium
16101.0,1243.0864,High
16102.0,1898.3276,High
16103.0,1433.0513,High
16104.0,289.21597,Low
16105.0,340.60568,Low
16106.0,111.83776,Low
16107.0,3238.6465,High
16108.0,804.03015,Medium
16109.0,610.98065,Medium
16110.0,1305.1868,High
16112.0,202.6671,Low
16113.0,168.22655,Low
16114.0,129.31198,Low
16115.0,1692.2567,High
16116.0,587.6244,Medium
16117.0,230.41582,Low
16119.0,424.07825,Medium
16120.0,1300.0885,High
16121.0,907.10223,Medium
16122.0,663.27563,Medium
16123.0,315.89987,Low
16124.0,166.1691,Low
16125.0,289.7168,Low
16126.0,6267.222,High
16127.0,657.3233,Medium
16128.0,1843.124,High
16131.0,3588.0151,High
16133.0,14284.344,High
16134.0,610.09796,Medium
16135.0,519.75134,Medium
16136.0,733.6028,Medium
16138.0,9.860672,Low
16139.0,666.5793,Medium
16140.0,693.3693,Medium
16141.0,614.21826,Medium
16142.0,544.87476,Medium
16143.0,2463.0244,High
16144.0,176.51236,Low
16145.0,3746.5396,High
16146.0,729.84015,Medium
16147.0,383.49713,Medium
16148.0,85.237045,Low
16149.0,289.69614,Low
16150.0,1920.606,High
16152.0,1824.9596,High
16153.0,1823.7584,High
16156.0,3030.8853,High
16157.0,651.1573,Medium
16159.0,349.8515,Low
16160.0,958.45514,Medium
16161.0,5896.2974,High
16162.0,35.050957,Low
16163.0,444.48358,Medium
16164.0,807.90796,Medium
16168.0,3787.9304,High
16169.0,1802.2292,High
16170.0,1815.6876,High
16171.0,73.20825,Low
16172.0,1057.5939,Medium
16173.0,1423.0115,High
16174.0,1009.87726,Medium
16175.0,1057.4048,Medium
16177.0,334.9783,Low
16178.0,188.8427,Low
16179.0,228.28629,Low
16180.0,9481.128,High
16181.0,312.63037,Low
16182.0,6626.837,High
16183.0,349.24176,Low
16184.0,1152.1536,High
16185.0,520.59686,Medium
16186.0,4002.323,High
16187.0,6843.789,High
16188.0,955.514,Medium
16189.0,230.14609,Low
16190.0,233.79283,Low
16191.0,4928.615,High
16193.0,317.27158,Low
16198.0,412.35654,Medium
16200.0,1075.1028,Medium
16201.0,1821.1886,High
16202.0,370.99445,Low
16203.0,595.21783,Medium
16204.0,408.72385,Medium
16205.0,777.0918,Medium
16206.0,527.81744,Medium
16207.0,402.25598,Medium
16208.0,654.0952,Medium
16209.0,2270.3892,High
16210.0,21100.705,High
16211.0,560.2411,Medium
16212.0,682.5643,Medium
16213.0,152.37128,Low
16214.0,1068.4937,Medium
16215.0,233.20593,Low
16216.0,875.71704,Medium
16217.0,250.33528,Low
16218.0,3060.6592,High
16221.0,882.09863,Medium
16222.0,843.8682,Medium
16224.0,1330.8398,High
16225.0,1034.1488,Medium
16226.0,242.0794,Low
16227.0,315.91208,Low
16229.0,1015.07367,Medium
16230.0,563.14294,Medium
16232.0,1006.7604,Medium
16233.0,460.70154,Medium
16235.0,826.084,Medium
16236.0,423.89804,Medium
16239.0,373.68362,Medium
16240.0,3723.7168,High
16241.0,2595.27,High
16242.0,3457.9287,High
16243.0,395.7765,Medium
16244.0,1498.1188,High
16245.0,1332.8042,High
16247.0,117.85812,Low
16248.0,149.77658,Low
16249.0,1793.2592,High
16250.0,371.79395,Low
16252.0,-314.59705,Low
16253.0,3919.553,High
16255.0,2653.879,High
16256.0,744.5134,Medium
16257.0,43.73937,Low
16258.0,5537.8716,High
16260.0,1049.251,Medium
16261.0,759.94995,Medium
16262.0,54.11598,Low
16265.0,5442.515,High
16266.0,920.78394,Medium
16268.0,653.87067,Medium
16270.0,1197.1366,High
16271.0,1421.3126,High
16272.0,401.63016,Medium
16274.0,348.47064,Low
16275.0,573.0097,Medium
16276.0,842.51196,Medium
16278.0,517.4489,Medium
16279.0,1482.592,High
16281.0,2158.6545,High
16282.0,172.13503,Low
16283.0,1515.7029,High
16284.0,853.3168,Medium
16287.0,144.77759,Low
16292.0,294.347,Low
16293.0,2208.745,High
16295.0,1356.8569,High
16297.0,253.8517,Low
16298.0,610.09796,Medium
16302.0,210.12723,Low
16303.0,5333.689,High
16305.0,357.26218,Low
16306.0,651.9464,Medium
16308.0,2523.8586,High
16309.0,666.71985,Medium
16311.0,618.68286,Medium
16313.0,289.23596,Low
16315.0,232.58264,Low
16316.0,2707.924,High
16317.0,1314.3486,High
16318.0,335.49292,Low
16319.0,405.45773,Medium
16320.0,1029.7621,Medium
16321.0,225.32864,Low
16322.0,317.18988,Low
16323.0,200.71625,Low
16324.0,423.1352,Medium
16325.0,521.59973,Medium
16326.0,3184.5588,High
16327.0,3901.191,High
16330.0,240.274,Low
16332.0,1623.6761,High
16333.0,26607.014,High
16337.0,147.41241,Low
16338.0,235.30742,Low
16339.0,114.20453,Low
16340.0,576.0465,Medium
16341.0,1866.1475,High
16342.0,356.99298,Low
16343.0,362.62943,Low
16344.0,98.55271,Low
16345.0,586.5866,Medium
16347.0,907.26465,Medium
16348.0,1479.3326,High
16349.0,58.298904,Low
16350.0,1063.2716,Medium
16351.0,158.14795,Low
16352.0,514.47656,Medium
16353.0,6716.9204,High
16354.0,372.85168,Medium
16356.0,229.15385,Low
16357.0,679.11957,Medium
16358.0,1998.4315,High
16359.0,1341.9467,High
16360.0,3409.8303,High
16361.0,872.3945,Medium
16362.0,659.9154,Medium
16363.0,111.83776,Low
16364.0,718.0268,Medium
16365.0,1538.1135,High
16366.0,333.98322,Low
16367.0,777.105,Medium
16368.0,509.60864,Medium
16369.0,1566.6251,High
16370.0,1339.0305,High
16372.0,366.3508,Low
16374.0,491.6939,Medium
16376.0,995.7643,Medium
16377.0,670.75616,Medium
16378.0,344.8999,Low
16379.0,2145.4429,High
16380.0,1794.2507,High
16383.0,666.8999,Medium
16384.0,570.06854,Medium
16385.0,558.7444,Medium
16386.0,316.48727,Low
16387.0,85.80059,Low
16389.0,1361.7253,High
16392.0,228.27106,Low
16393.0,2993.9177,High
16394.0,1471.7572,High
16395.0,1496.0292,High
16398.0,1661.3352,High
16399.0,396.4592,Medium
16400.0,301.2925,Low
16401.0,4146.321,High
16402.0,302.15256,Low
16403.0,150.42291,Low
16404.0,444.12537,Medium
16405.0,152.30481,Low
16406.0,168.13622,Low
16407.0,2051.8354,High
16409.0,1970.5502,High
16411.0,230.14609,Low
16412.0,149.77658,Low
16413.0,245.58678,Low
16414.0,121.02691,Low
16415.0,226.70073,Low
16416.0,1054.2056,Medium
16418.0,673.6787,Medium
16419.0,968.50793,Medium
16422.0,33808.83,High
16423.0,341.92047,Low
16424.0,78.42483,Low
16425.0,302.64874,Low
16426.0,1937.7294,High
16427.0,233.81552,Low
16428.0,-2.2619164,Low
16429.0,293.09787,Low
16430.0,289.21597,Low
16431.0,661.8041,Medium
16432.0,283.2948,Low
16433.0,182.80269,Low
16434.0,1517.1422,High
16438.0,792.6281,Medium
16440.0,3580.0269,High
16441.0,375.01938,Medium
16442.0,607.8848,Medium
16444.0,659.66266,Medium
16445.0,236.26566,Low
16446.0,22.992579,Low
16447.0,247.78879,Low
16448.0,186.78326,Low
16449.0,667.1119,Medium
16450.0,314.75323,Low
16451.0,247.80003,Low
16454.0,37.43375,Low
16455.0,1813.5531,High
16456.0,2159.0999,High
16457.0,202.07246,Low
16458.0,3501.7737,High
16460.0,782.4254,Medium
16461.0,150.61787,Low
16462.0,94.96975,Low
16463.0,1392.6713,High
16464.0,1294.7437,High
16466.0,1632.293,High
16468.0,73.20825,Low
16469.0,649.71594,Medium
16470.0,754.2365,Medium
16471.0,232.58264,Low
16473.0,354.5509,Low
16474.0,1856.177,High
16475.0,525.0676,Medium
16477.0,2503.6675,High
16478.0,338.21365,Low
16479.0,301.4283,Low
16480.0,773.22235,Medium
16482.0,227.66385,Low
16483.0,142.32027,Low
16484.0,376.35107,Medium
16485.0,356.39392,Low
16488.0,475.6517,Medium
16491.0,763.8015,Medium
16493.0,1340.3042,High
16494.0,843.8682,Medium
16495.0,677.1305,Medium
16496.0,1631.7173,High
16497.0,2906.721,High
16498.0,89.91667,Low
16499.0,328.59442,Low
16500.0,343.2539,Low
16503.0,1363.1761,High
16504.0,474.28983,Medium
16505.0,744.7668,Medium
16506.0,99.73848,Low
16509.0,355.58154,Low
16510.0,252.11194,Low
16511.0,954.79663,Medium
16513.0,826.7895,Medium
16515.0,1589.8049,High
16516.0,97.545746,Low
16517.0,169.58276,Low
16518.0,462.9836,Medium
16519.0,228.70473,Low
16520.0,1062.928,Medium
16523.0,10128.297,High
16525.0,11879.828,High
16526.0,289.77472,Low
16527.0,228.71664,Low
16528.0,233.58047,Low
16529.0,452.69382,Medium
16531.0,1226.133,High
16532.0,6795.2876,High
16533.0,1036.4136,Medium
16535.0,542.1441,Medium
16536.0,562.7509,Medium
16539.0,1346.8789,High
16542.0,115.30854,Low
16545.0,346.76538,Low
16546.0,-79.92813,Low
16549.0,4091.3982,High
16550.0,2304.1409,High
16551.0,942.0004,Medium
16552.0,371.3045,Low
16553.0,5653.3213,High
16554.0,652.8127,Medium
16555.0,301.43408,Low
16556.0,3312.1792,High
16557.0,293.2283,Low
16558.0,8202.697,High
16560.0,780.4173,Medium
16561.0,511.73627,Medium
16563.0,1049.251,Medium
16565.0,175.09851,Low
16566.0,623.54114,Medium
16567.0,909.9007,Medium
16569.0,121.06809,Low
16570.0,3698.3628,High
16571.0,1300.4607,High
16572.0,951.4963,Medium
16573.0,642.2717,Medium
16574.0,455.5589,Medium
16579.0,-16.618793,Low
16581.0,65.05887,Low
16582.0,314.75323,Low
16583.0,232.08347,Low
16584.0,903.6291,Medium
16586.0,466.75757,Medium
16587.0,232.58264,Low
16589.0,450.28394,Medium
16591.0,226.70073,Low
16592.0,4170.235,High
16593.0,332.88525,Low
16594.0,176.89159,Low
16595.0,356.9262,Low
16596.0,267.37726,Low
16597.0,83.28183,Low
16598.0,120.308334,Low
16600.0,796.5649,Medium
16601.0,239.02023,Low
16602.0,519.68274,Medium
16603.0,493.71036,Medium
16607.0,3093.0454,High
16609.0,5447.9736,High
16610.0,85.237045,Low
16611.0,117.33152,Low
16612.0,1227.5552,High
16613.0,601.04236,Medium
16614.0,507.17316,Medium
16616.0,512.7404,Medium
16617.0,155.24548,Low
16618.0,2628.262,High
16619.0,205.10712,Low
16620.0,172.44383,Low
16621.0,818.7839,Medium
16623.0,128.93019,Low
16624.0,807.0324,Medium
16625.0,340.60568,Low
16626.0,4454.6797,High
16627.0,314.89008,Low
16628.0,2179.8254,High
16629.0,419.11246,Medium
16633.0,2918.4153,High
16634.0,226.91911,Low
16637.0,1082.0212,Medium
16638.0,1615.6447,High
16639.0,1222.1194,High
16641.0,230.41582,Low
16642.0,677.59064,Medium
16643.0,486.04333,Medium
16644.0,855.5034,Medium
16647.0,231.25722,Low
16648.0,279.78427,Low
16650.0,518.20795,Medium
16652.0,6657.7017,High
16653.0,1144.062,High
16654.0,599.6729,Medium
16655.0,3840.8555,High
16656.0,8658.733,High
16657.0,893.26526,Medium
16658.0,133.99307,Low
16659.0,18.872726,Low
16660.0,794.171,Medium
16665.0,135.48495,Low
16666.0,120.69511,Low
16667.0,563.5886,Medium
16668.0,309.18945,Low
16669.0,1349.9819,High
16670.0,4034.328,High
16671.0,1701.5521,High
16672.0,8087.0283,High
16674.0,325.93628,Low
16676.0,1536.0337,High
16678.0,2979.858,High
16679.0,133.74696,Low
16680.0,176.32014,Low
16681.0,1803.9971,High
16682.0,1031.44,Medium
16684.0,65888.2,High
16685.0,326.9528,Low
16686.0,2946.5366,High
16688.0,1286.2341,High
16689.0,310.7655,Low
16690.0,207.81842,Low
16692.0,1305.1292,High
16693.0,494.01813,Medium
16696.0,639.5219,Medium
16697.0,114.925865,Low
16698.0,2005.9857,High
16700.0,5028.796,High
16701.0,5095.139,High
16705.0,13917.87,High
16706.0,511.49176,Medium
16708.0,653.71185,Medium
16709.0,3034.3584,High
16710.0,2646.3958,High
16711.0,1605.246,High
16712.0,3807.673,High
16713.0,6842.821,High
16714.0,872.7503,Medium
16715.0,288.6837,Low
16716.0,300.3059,Low
16717.0,3226.1165,High
16718.0,638.512,Medium
16719.0,1791.9424,High
16720.0,155.26003,Low
16721.0,291.13095,Low
16722.0,4547.4907,High
16723.0,606.63513,Medium
16725.0,786.0991,Medium
16726.0,1363.8516,High
16727.0,285.4055,Low
16728.0,1080.8784,Medium
16729.0,7081.5195,High
16730.0,693.3693,Medium
16732.0,605.79315,Medium
16734.0,676.7011,Medium
16735.0,2298.476,High
16737.0,420.4254,Medium
16738.0,-10.812073,Low
16739.0,317.99802,Low
16742.0,1.5559508,Low
16743.0,2174.4849,High
16744.0,1349.1194,High
16745.0,6312.155,High
16746.0,6714.351,High
16747.0,826.2281,Medium
16748.0,1496.3729,High
16750.0,653.56335,Medium
16751.0,1791.7688,High
16752.0,202.3839,Low
16753.0,229.02441,Low
16754.0,1951.5864,High
16755.0,1491.484,High
16756.0,231.77203,Low
16757.0,94.21461,Low
16758.0,381.6562,Medium
16759.0,778.443,Medium
16761.0,315.91534,Low
16762.0,1541.149,High
16763.0,599.2086,Medium
16764.0,2575.5088,High
16765.0,29.95728,Low
16766.0,1104.8893,Medium
16767.0,5549.9907,High
16768.0,470.60397,Medium
16769.0,381.8165,Medium
16770.0,756.3095,Medium
16771.0,2251.944,High
16773.0,169.77402,Low
16774.0,665.758,Medium
16775.0,1718.4714,High
16776.0,395.92892,Medium
16777.0,229.54344,Low
16778.0,231.0533,Low
16779.0,10414.893,High
16780.0,426.1336,Medium
16781.0,296.28522,Low
16782.0,2271.2756,High
16784.0,117.22433,Low
16788.0,598.8166,Medium
16789.0,78.13072,Low
16790.0,1519.0973,High
16791.0,1699.1022,High
16792.0,108.51909,Low
16793.0,233.5137,Low
16794.0,1169.8301,High
16795.0,418.143,Medium
16796.0,311.70825,Low
16800.0,1213.8942,High
16801.0,837.248,Medium
16803.0,334.75378,Low
16804.0,517.4489,Medium
16805.0,434.36383,Medium
16806.0,796.2726,Medium
16807.0,1113.8955,Medium
16808.0,298.48923,Low
16809.0,884.81604,Medium
16810.0,294.347,Low
16811.0,571.07117,Medium
16812.0,482.83417,Medium
16813.0,1677.1686,High
16814.0,6459.138,High
16816.0,415.44882,Medium
16817.0,1526.0189,High
16818.0,3269.2717,High
16820.0,507.1355,Medium
16823.0,350.04904,Low
16824.0,437.02872,Medium
16825.0,771.2765,Medium
16826.0,349.46628,Low
16828.0,124.30811,Low
16829.0,188.8427,Low
16830.0,329.54144,Low
16832.0,202.98602,Low
16833.0,1104.3962,Medium
16834.0,417.77588,Medium
16835.0,173.6853,Low
16836.0,270.4731,Low
16837.0,3144.243,High
16838.0,580.4418,Medium
16839.0,15287.272,High
16841.0,1768.9271,High
16842.0,1294.2195,High
16843.0,10228.525,High
16846.0,226.70073,Low
16847.0,188.51758,Low
16848.0,290.89587,Low
16849.0,127.82012,Low
16850.0,340.60568,Low
16851.0,336.38516,Low
16852.0,157.53104,Low
16855.0,327.92212,Low
16856.0,39.51942,Low
16858.0,350.30157,Low
16859.0,475.05908,Medium
16861.0,161.99554,Low
16863.0,475.85477,Medium
16866.0,207.18445,Low
16869.0,794.1119,Medium
16871.0,2777.3682,High
16872.0,673.3709,Medium
16873.0,7174.2495,High
16875.0,1950.4647,High
16877.0,823.3535,Medium
16878.0,2.8632958,Low
16880.0,1524.3866,High
16881.0,424.2058,Medium
16882.0,733.6028,Medium
16883.0,294.347,Low
16884.0,420.4663,Medium
16885.0,468.72073,Medium
16887.0,194.03992,Low
16889.0,1669.215,High
16891.0,802.8098,Medium
16892.0,469.3723,Medium
16893.0,149.30675,Low
16895.0,224.00467,Low
16897.0,199.66826,Low
16898.0,447.5631,Medium
16899.0,1274.2997,High
16900.0,166.32008,Low
16902.0,1777.5104,High
16903.0,380.8281,Medium
16904.0,3701.8838,High
16905.0,3041.77,High
16906.0,579.0706,Medium
16907.0,1007.5491,Medium
16909.0,357.30923,Low
16910.0,1506.8109,High
16912.0,2489.1243,High
16913.0,114.925865,Low
16914.0,205.91347,Low
16915.0,623.54114,Medium
16916.0,569.06714,Medium
16917.0,396.91467,Medium
16918.0,1019.67334,Medium
16919.0,2557.709,High
16921.0,166.66614,Low
16923.0,7079.0996,High
16924.0,755.7055,Medium
16926.0,231.16876,Low
16927.0,550.09656,Medium
16928.0,2782.0706,High
16929.0,1344.7571,High
16930.0,385.11133,Medium
16931.0,4618.8315,High
16932.0,164.11388,Low
16933.0,520.83875,Medium
16934.0,958.1731,Medium
16936.0,250.43268,Low
16938.0,1994.5868,High
16940.0,3015.8303,High
16942.0,1853.4833,High
16943.0,789.6364,Medium
16945.0,4095.9832,High
16947.0,405.45773,Medium
16948.0,438.0421,Medium
16949.0,1170.2264,High
16950.0,1144.4746,High
16951.0,1269.9167,High
16952.0,159.821,Low
16953.0,4.786235,Low
16954.0,2023.2456,High
16955.0,526.0548,Medium
16956.0,296.66556,Low
16957.0,384.82043,Medium
16959.0,121.87723,Low
16960.0,488.8954,Medium
16961.0,230.41582,Low
16963.0,118.54263,Low
16965.0,197.40776,Low
16966.0,2091.3906,High
16967.0,316.71518,Low
16968.0,425.21707,Medium
16969.0,677.51825,Medium
16971.0,225.67532,Low
16976.0,250.06438,Low
16978.0,348.934,Low
16979.0,1817.1245,High
16980.0,1082.637,Medium
16982.0,386.5462,Medium
16983.0,1918.3969,High
16984.0,4359.3423,High
16985.0,5430.413,High
16986.0,1839.4742,High
16987.0,1673.308,High
16988.0,121.528244,Low
16989.0,1190.9484,High
16990.0,178.9688,Low
16992.0,1658.6229,High
16995.0,38.618862,Low
16996.0,1491.9755,High
16997.0,721.8275,Medium
16998.0,299.91556,Low
16999.0,497.37628,Medium
17001.0,4011.6716,High
17002.0,1480.6753,High
17004.0,1413.6881,High
17006.0,787.53296,Medium
17007.0,925.8607,Medium
17010.0,177.63599,Low
17011.0,290.30255,Low
17014.0,580.9046,Medium
17015.0,1889.6138,High
17017.0,8685.876,High
17018.0,926.8956,Medium
17019.0,1307.3591,High
17022.0,46.22834,Low
17024.0,99.33151,Low
17025.0,337.65457,Low
17026.0,157.2571,Low
17027.0,857.97766,Medium
17029.0,714.6637,Medium
17030.0,144.21446,Low
17031.0,380.2861,Medium
17033.0,1009.87726,Medium
17034.0,755.93115,Medium
17035.0,387.02826,Medium
17037.0,1264.2112,High
17038.0,115.78297,Low
17040.0,455.73068,Medium
17041.0,1092.1453,Medium
17042.0,1049.1501,Medium
17043.0,1768.7017,High
17044.0,903.91943,Medium
17045.0,330.1354,Low
17046.0,646.75244,Medium
17047.0,1112.6152,Medium
17048.0,807.6001,Medium
17049.0,5593.989,High
17050.0,3185.4824,High
17051.0,249.0911,Low
17052.0,420.54266,Medium
17053.0,511.41977,Medium
17054.0,1362.4855,High
17058.0,1143.9421,High
17059.0,3009.3271,High
17060.0,231.77203,Low
17061.0,5126.802,High
17062.0,547.5373,Medium
17063.0,1423.2887,High
17064.0,876.00543,Medium
17065.0,-166.03615,Low
17068.0,4438.793,High
17069.0,2659.1782,High
17070.0,314.75323,Low
17071.0,2367.6982,High
17073.0,1444.1909,High
17075.0,794.171,Medium
17076.0,805.9256,Medium
17078.0,377.3951,Medium
17079.0,115.00077,Low
17080.0,275.547,Low
17081.0,299.4599,Low
17082.0,2012.6411,High
17083.0,1375.081,High
17084.0,2931.7358,High
17085.0,1627.1234,High
17086.0,2032.5515,High
17088.0,1971.5906,High
17090.0,2027.2355,High
17091.0,3763.8164,High
17092.0,1768.0037,High
17094.0,275.3281,Low
17095.0,1116.0261,Medium
17096.0,973.03406,Medium
17097.0,977.5131,Medium
17100.0,948.4425,Medium
17101.0,1665.417,High
17102.0,-1.5820514,Low
17105.0,664.25446,Medium
17107.0,10441.008,High
17109.0,893.66254,Medium
17110.0,168.22655,Low
17111.0,248.24226,Low
17114.0,756.38654,Medium
17115.0,793.87787,Medium
17117.0,121.82226,Low
17118.0,158.14795,Low
17119.0,584.5581,Medium
17120.0,313.06448,Low
17122.0,142.32027,Low
17123.0,346.76538,Low
17124.0,301.2925,Low
17125.0,245.58678,Low
17126.0,974.1548,Medium
17128.0,158.14795,Low
17131.0,2478.8982,High
17133.0,4884.1704,High
17134.0,426.1336,Medium
17135.0,1155.7971,High
17138.0,385.20154,Medium
17139.0,10512.756,High
17140.0,466.75757,Medium
17142.0,588.64105,Medium
17144.0,992.8808,Medium
17146.0,758.8087,Medium
17147.0,1713.598,High
17148.0,121.11524,Low
17152.0,1489.6084,High
17153.0,230.51831,Low
17154.0,333.69855,Low
17155.0,267.37726,Low
17157.0,317.5499,Low
17158.0,1243.5396,High
17159.0,1638.7012,High
17160.0,3607.8787,High
17162.0,1722.5248,High
17163.0,296.60645,Low
17164.0,2500.9514,High
17165.0,158.14795,Low
17166.0,202.84875,Low
17169.0,818.7839,Medium
17171.0,232.58264,Low
17172.0,315.21017,Low
17173.0,3812.7117,High
17174.0,58.298904,Low
17175.0,1464.0953,High
17176.0,313.06448,Low
17179.0,727.03595,Medium
17180.0,776.3766,Medium
17181.0,231.0533,Low
17183.0,3229.3965,High
17186.0,156.5862,Low
17187.0,202.07246,Low
17188.0,2290.5532,High
17189.0,369.5562,Low
17190.0,243.2304,Low
17191.0,2112.1926,High
17193.0,1677.5273,High
17194.0,275.3281,Low
17197.0,999.4614,Medium
17198.0,727.1135,Medium
17201.0,349.46628,Low
17203.0,3605.6704,High
17204.0,1371.4316,High
17205.0,386.5462,Medium
17206.0,200.88055,Low
17211.0,2307.0906,High
17212.0,232.58264,Low
17213.0,2736.433,High
17214.0,973.17084,Medium
17217.0,114.925865,Low
17218.0,1960.3324,High
17219.0,118.52567,Low
17220.0,3333.8472,High
17221.0,342.38907,Low
17222.0,351.1692,Low
17223.0,427.8819,Medium
17226.0,396.91467,Medium
17227.0,989.50555,Medium
17228.0,1874.7303,High
17229.0,317.60596,Low
17230.0,3485.3687,High
17231.0,3365.9258,High
17232.0,418.93768,Medium
17233.0,191.98048,Low
17234.0,148.90076,Low
17235.0,567.5902,Medium
17236.0,885.3702,Medium
17237.0,317.92865,Low
17238.0,3781.7537,High
17239.0,371.3045,Low
17242.0,1103.141,Medium
17243.0,8653.558,High
17244.0,1001.2688,Medium
17245.0,172.13503,Low
17247.0,296.15482,Low
17248.0,317.1927,Low
17250.0,375.09396,Medium
17251.0,293.04022,Low
17252.0,352.79178,Low
17253.0,177.60828,Low
17254.0,268.14288,Low
17255.0,304.21487,Low
17256.0,233.14131,Low
17259.0,598.8166,Medium
17262.0,1169.7262,High
17263.0,63.0973,Low
17265.0,572.98724,Medium
17266.0,311.66687,Low
17267.0,317.60596,Low
17268.0,767.10077,Medium
17272.0,2142.6445,High
17274.0,116.272675,Low
17277.0,1066.754,Medium
17278.0,237.07193,Low
17279.0,187.92139,Low
17282.0,1734.3585,High
17284.0,1697.43,High
17286.0,156.64227,Low
17287.0,1052.0349,Medium
17288.0,1428.9792,High
17289.0,922.9472,Medium
17290.0,523.43494,Medium
17291.0,574.36597,Medium
17293.0,1867.2577,High
17295.0,566.1886,Medium
17297.0,127.99368,Low
17298.0,509.68365,Medium
17299.0,672.1612,Medium
17301.0,196.70525,Low
17302.0,1176.3939,High
17303.0,248.65053,Low
17306.0,8670.548,High
17307.0,-314.59705,Low
17309.0,83.84102,Low
17311.0,1333.3407,High
17312.0,650.73486,Medium
17313.0,2313.587,High
17314.0,2461.1667,High
17315.0,4614.0503,High
17317.0,2577.7295,High
17320.0,1155.96,High
17321.0,704.76056,Medium
17323.0,933.8083,Medium
17324.0,956.9378,Medium
17325.0,94.21461,Low
17329.0,521.0859,Medium
17330.0,365.17398,Low
17331.0,177.98074,Low
17333.0,499.8663,Medium
17334.0,300.3059,Low
17337.0,1923.3466,High
17338.0,6793.931,High
17339.0,233.14131,Low
17340.0,12156.244,High
17341.0,762.34937,Medium
17343.0,189.70949,Low
17344.0,164.11388,Low
17345.0,533.4958,Medium
17346.0,2636.7268,High
17347.0,231.22643,Low
17348.0,1105.1222,Medium
17349.0,118.54263,Low
17350.0,1178.9044,High
17351.0,587.8324,Medium
17353.0,1742.7917,High
17354.0,1409.8156,High
17356.0,177.50563,Low
17357.0,378.84473,Medium
17358.0,361.02567,Low
17359.0,126.2557,Low
17360.0,589.9919,Medium
17361.0,461.64578,Medium
17362.0,319.35425,Low
17364.0,4453.001,High
17365.0,5032.896,High
17367.0,172.13503,Low
17368.0,1371.9941,High
17370.0,440.11887,Medium
17371.0,429.08566,Medium
17372.0,1329.573,High
17373.0,647.77826,Medium
17374.0,513.168,Medium
17375.0,364.45334,Low
17376.0,208.03922,Low
17377.0,3933.996,High
17379.0,408.78296,Medium
17381.0,20276.96,High
17382.0,40.96328,Low
17383.0,198.9476,Low
17384.0,352.26352,Low
17385.0,250.8457,Low
17386.0,2646.4436,High
17387.0,769.354,Medium
17388.0,1298.1628,High
17389.0,31272.818,High
17391.0,511.9522,Medium
17392.0,435.72006,Medium
17394.0,202.07246,Low
17396.0,7438.866,High
17397.0,705.4236,Medium
17398.0,669.74225,Medium
17400.0,2147.6475,High
17402.0,2629.32,High
17403.0,299.1526,Low
17404.0,30295.254,High
17405.0,976.39276,Medium
17406.0,1977.7179,High
17408.0,13.779041,Low
17409.0,755.9504,Medium
17410.0,1176.2563,High
17411.0,759.94995,Medium
17412.0,1285.6423,High
17414.0,768.51086,Medium
17415.0,499.64667,Medium
17416.0,6838.6616,High
17418.0,497.2004,Medium
17419.0,4283.2476,High
17420.0,601.27155,Medium
17422.0,1848.131,High
17423.0,661.06323,Medium
17425.0,754.25586,Medium
17426.0,4719.699,High
17427.0,95.05348,Low
17428.0,17087.516,High
17429.0,507.78928,Medium
17430.0,277.6912,Low
17431.0,405.45773,Medium
17432.0,365.7997,Low
17433.0,301.2925,Low
17434.0,2305.1267,High
17436.0,226.45741,Low
17438.0,371.3045,Low
17440.0,210.70726,Low
17442.0,2291.354,High
17443.0,544.87476,Medium
17444.0,2991.382,High
17446.0,117.33152,Low
17447.0,566.0554,Medium
17448.0,-2132.7307,Low
17449.0,2484.9363,High
17450.0,182953.58,High
17451.0,1609.032,High
17453.0,497.4354,Medium
17454.0,507.78928,Medium
17455.0,130.66818,Low
17456.0,248.65053,Low
17457.0,1763.1135,High
17458.0,321.1588,Low
17459.0,653.3478,Medium
17460.0,464.5307,Medium
17461.0,774.594,Medium
17462.0,669.3671,Medium
17463.0,1794.2568,High
17464.0,289.77444,Low
17466.0,757.6409,Medium
17468.0,124.234985,Low
17469.0,1826.7404,High
17470.0,1074.7802,Medium
17472.0,727.03595,Medium
17475.0,188.69923,Low
17480.0,506.78137,Medium
17481.0,1184.2423,High
17483.0,420.20004,Medium
17486.0,396.91467,Medium
17489.0,374.68506,Medium
17490.0,1904.37,High
17491.0,3576.5042,High
17492.0,381.8165,Medium
17495.0,514.1834,Medium
17496.0,285.4055,Low
17498.0,282.95337,Low
17499.0,612.5377,Medium
17500.0,1123.1211,Medium
17501.0,299.84546,Low
17502.0,697.9298,Medium
17503.0,573.7117,Medium
17504.0,2771.1958,High
17505.0,1103.5331,Medium
17506.0,294.25485,Low
17507.0,600.5649,Medium
17508.0,394.58426,Medium
17509.0,5710.276,High
17510.0,320.78033,Low
17511.0,88141.69,High
17512.0,2889.7258,High
17513.0,506.6313,Medium
17514.0,233.72186,Low
17515.0,650.85077,Medium
17516.0,749.5326,Medium
17517.0,158.14795,Low
17519.0,1817.1967,High
17520.0,552.5265,Medium
17521.0,770.57007,Medium
17522.0,1055.6968,Medium
17523.0,651.1573,Medium
17524.0,146.58487,Low
17525.0,418.143,Medium
17526.0,619.84314,Medium
17527.0,859.13605,Medium
17528.0,3576.5042,High
17530.0,2450.6199,High
17531.0,296.34286,Low
17534.0,229.02441,Low
17535.0,169.58276,Low
17536.0,76.725334,Low
17537.0,907.21936,Medium
17538.0,97.545746,Low
17540.0,576.22144,Medium
17542.0,172.13503,Low
17545.0,664.3251,Medium
17547.0,-10.99812,Low
17548.0,-918.19745,Low
17549.0,162.75171,Low
17550.0,252.81189,Low
17551.0,311.6506,Low
17552.0,886.62897,Medium
17553.0,1423.9791,High
17554.0,1958.2664,High
17555.0,497.4354,Medium
17556.0,158.14795,Low
17557.0,561.73193,Medium
17560.0,810.2431,Medium
17561.0,169.20789,Low
17562.0,1092.2766,Medium
17564.0,452.7394,Medium
17566.0,917.97595,Medium
17567.0,4076.481,High
17569.0,348.1216,Low
17571.0,1480.8999,High
17572.0,221.97516,Low
17573.0,374.64743,Medium
17574.0,185.06323,Low
17576.0,3484.9956,High
17578.0,117.33152,Low
17579.0,444.03094,Medium
17580.0,232.96436,Low
17581.0,10747.795,High
17582.0,176.51236,Low
17584.0,1191.3821,High
17585.0,1132.562,High
17588.0,1241.939,High
17589.0,2373.8633,High
17590.0,1473.5734,High
17591.0,2222.1138,High
17593.0,3865.7998,High
17594.0,999.03955,Medium
17595.0,380.77554,Medium
17596.0,2808.3416,High
17597.0,1955.5496,High
17600.0,168.13622,Low
17601.0,119.21434,Low
17602.0,5030.854,High
17603.0,-1117.4454,Low
17604.0,315.91208,Low
17608.0,213.1646,Low
17609.0,1175.2771,High
17611.0,3877.1465,High
17612.0,1939.6588,High
17613.0,4463.641,High
17614.0,398.25934,Medium
17615.0,330.1354,Low
17616.0,566.6713,Medium
17618.0,997.9383,Medium
17619.0,232.38206,Low
17620.0,76.45415,Low
17621.0,1356.6313,High
17623.0,531.4849,Medium
17624.0,859.609,Medium
17625.0,1962.7366,High
17628.0,72.90048,Low
17629.0,1787.3918,High
17630.0,510.07568,Medium
17631.0,519.22284,Medium
17633.0,1253.4446,High
17634.0,2367.1033,High
17636.0,273.11642,Low
17637.0,571.0139,Medium
17639.0,114.20453,Low
17640.0,614.21826,Medium
17642.0,714.6637,Medium
17643.0,107.655205,Low
17644.0,2758.0225,High
17646.0,957.2937,Medium
17647.0,122.60712,Low
17648.0,1775.3811,High
17649.0,861.5152,Medium
17650.0,170.5658,Low
17651.0,3895.855,High
17652.0,4739.0215,High
17653.0,1135.0071,High
17654.0,123.36963,Low
17655.0,2523.6707,High
17656.0,1599.0509,High
17658.0,470.5314,Medium
17659.0,3039.045,High
17660.0,188.8427,Low
17663.0,1786.8702,High
17664.0,591.99896,Medium
17666.0,732.45746,Medium
17667.0,2070.897,High
17668.0,337.38687,Low
17669.0,3380.1233,High
17670.0,202.07246,Low
17671.0,1274.5928,High
17672.0,3139.246,High
17673.0,1652.8826,High
17674.0,560.5489,Medium
17675.0,20090.787,High
17676.0,1385.8679,High
17677.0,16281.642,High
17678.0,302.64874,Low
17679.0,2027.0964,High
17680.0,182.80269,Low
17682.0,2480.6301,High
17684.0,228.2138,Low
17685.0,3247.3525,High
17686.0,5741.602,High
17690.0,4749.5405,High
17691.0,300.52094,Low
17692.0,735.8633,Medium
17693.0,197.37346,Low
17694.0,293.09787,Low
17695.0,755.55835,Medium
17696.0,2190.5261,High
17697.0,348.1216,Low
17698.0,158.14795,Low
17700.0,2559.494,High
17701.0,417.77588,Medium
17702.0,1746.7328,High
17703.0,782.96625,Medium
17704.0,909.9007,Medium
17705.0,1774.2358,High
17706.0,10137.389,High
17707.0,157.2571,Low
17708.0,273.97186,Low
17709.0,142.32027,Low
17711.0,380.2861,Medium
17712.0,526.1788,Medium
17714.0,155.24548,Low
17715.0,336.87988,Low
17716.0,5564.4746,High
17718.0,143.6765,Low
17719.0,5363.454,High
17720.0,1245.1841,High
17722.0,2342.3625,High
17723.0,3264.8784,High
17724.0,948.05225,Medium
17725.0,3481.7354,High
17727.0,1023.46545,Medium
17728.0,2548.7502,High
17730.0,5326.079,High
17731.0,844.3945,Medium
17732.0,304.30405,Low
17733.0,663.70465,Medium
17734.0,733.6028,Medium
17735.0,13094.046,High
17736.0,365.67105,Low
17737.0,163.61879,Low
17738.0,1843.124,High
17739.0,2738.8308,High
17742.0,352.79178,Low
17744.0,2297.3813,High
17746.0,101.51044,Low
17747.0,57.873817,Low
17749.0,664.25446,Medium
17750.0,1783.6826,High
17752.0,80.76154,Low
17754.0,1740.1185,High
17757.0,5577.115,High
17758.0,3433.9814,High
17759.0,780.64294,Medium
17760.0,298.7528,Low
17761.0,725.87787,Medium
17763.0,-10.812073,Low
17764.0,807.56476,Medium
17765.0,370.25177,Low
17767.0,288.52008,Low
17768.0,2271.8066,High
17769.0,3970.7441,High
17770.0,1073.7941,Medium
17771.0,231.0533,Low
17772.0,177.63599,Low
17774.0,1149.5986,High
17775.0,58.298904,Low
17777.0,676.81134,Medium
17779.0,668.9082,Medium
17781.0,173.0033,Low
17783.0,292.25897,Low
17785.0,122.60712,Low
17786.0,294.347,Low
17787.0,1859.2539,High
17788.0,1094.839,Medium
17789.0,232.58264,Low
17790.0,1980.6885,High
17791.0,97.545746,Low
17793.0,320.9757,Low
17795.0,351.8224,Low
17796.0,694.5508,Medium
17797.0,768.61505,Medium
17799.0,2969.84,High
17800.0,1259.9183,High
17802.0,1298.1628,High
17805.0,506.6313,Medium
17806.0,553.17377,Medium
17809.0,4586.5537,High
17811.0,7709.64,High
17812.0,756.74725,Medium
17813.0,1681.3755,High
17816.0,46.07073,Low
17817.0,381.36057,Medium
17819.0,3715.3425,High
17820.0,-35.30505,Low
17824.0,289.21597,Low
17827.0,1988.9944,High
17828.0,1606.4235,High
17829.0,875.71704,Medium
17830.0,388.26752,Medium
17831.0,38.773495,Low
17832.0,152.67905,Low
17835.0,338.75153,Low
17836.0,111.83776,Low
17837.0,1574.8062,High
17838.0,2335.323,High
17839.0,349.46628,Low
17841.0,42935.055,High
17843.0,202.07246,Low
17844.0,48.35016,Low
17846.0,2050.9666,High
17848.0,919.9674,Medium
17849.0,619.8815,Medium
17850.0,5127.359,High
17852.0,114.84482,Low
17854.0,314.55585,Low
17855.0,235.3895,Low
17856.0,1417.412,High
17857.0,26822.861,High
17858.0,5149.3564,High
17859.0,150.25696,Low
17860.0,247.13109,Low
17861.0,1959.6794,High
17862.0,336.87988,Low
17863.0,3149.808,High
17864.0,610.1571,Medium
17865.0,10158.928,High
17866.0,329.0408,Low
17867.0,645.8614,Medium
17869.0,465.15665,Medium
17870.0,1898.8077,High
17871.0,158.14795,Low
17873.0,1803.6893,High
17874.0,670.17676,Medium
17877.0,230.41582,Low
17878.0,383.16116,Medium
17879.0,177.61258,Low
17880.0,461.6201,Medium
17881.0,130.66818,Low
17883.0,666.7274,Medium
17884.0,697.0627,Medium
17885.0,194.87148,Low
17886.0,901.6052,Medium
17887.0,119.22465,Low
17888.0,599.8887,Medium
17889.0,205.10712,Low
17890.0,600.5649,Medium
17891.0,200.71625,Low
17892.0,243.2304,Low
17893.0,114.20453,Low
17894.0,1109.9513,Medium
17895.0,93.00258,Low
17896.0,251.26009,Low
17897.0,525.0676,Medium
17898.0,157.9391,Low
17899.0,156.79172,Low
17900.0,58.27814,Low
17901.0,115.78297,Low
17904.0,177.31941,Low
17905.0,799.0224,Medium
17906.0,85.237045,Low
17908.0,237.38336,Low
17911.0,369.06662,Low
17912.0,296.24396,Low
17913.0,388.53534,Medium
17914.0,331.5431,Low
17917.0,330.7694,Low
17919.0,1240.4978,High
17920.0,4385.6226,High
17921.0,818.7839,Medium
17923.0,202.07246,Low
17924.0,2915.9097,High
17925.0,237.38336,Low
17926.0,378.40747,Medium
17928.0,205.92334,Low
17929.0,815.9965,Medium
17930.0,1767.2083,High
17931.0,383.07217,Medium
17932.0,1308.709,High
17934.0,712.18274,Medium
17935.0,157.9391,Low
17936.0,383.31998,Medium
17937.0,4305.8853,High
17939.0,98.55271,Low
17940.0,1989.0709,High
17941.0,311.70825,Low
17942.0,78.13072,Low
17946.0,150.42291,Low
17947.0,173.4633,Low
17948.0,351.72968,Low
17949.0,52754.945,High
17950.0,468.41052,Medium
17951.0,953.5588,Medium
17954.0,2126.3223,High
17955.0,580.23956,Medium
17956.0,-10.812073,Low
17957.0,111.83776,Low
17958.0,507.1355,Medium
17960.0,76.725334,Low
17961.0,1292.542,High
17962.0,107.22687,Low
17964.0,502.15894,Medium
17965.0,2587.2832,High
17966.0,1056.8954,Medium
17967.0,136.81021,Low
17968.0,290.23145,Low
17969.0,229.85138,Low
17970.0,588.64105,Medium
17972.0,130.66818,Low
17973.0,341.95035,Low
17974.0,778.17175,Medium
17975.0,4462.2607,High
17976.0,349.3671,Low
17977.0,288.21976,Low
17978.0,301.23486,Low
17979.0,745.4966,Medium
17980.0,768.14276,Medium
17984.0,153.88925,Low
17985.0,628.715,Medium
17986.0,4.0141473,Low
17987.0,196.05154,Low
17988.0,204.71193,Low
17990.0,661.8041,Medium
17991.0,101.51044,Low
17994.0,621.3731,Medium
17995.0,85.237045,Low
17997.0,1503.2067,High
17999.0,375.23163,Medium
18001.0,424.3714,Medium
18004.0,170.72118,Low
18005.0,262.18512,Low
18006.0,445.25388,Medium
18008.0,2040.306,High
18009.0,269.84464,Low
18010.0,176.51236,Low
18011.0,107.655205,Low
18013.0,173.0033,Low
18014.0,169.3501,Low
18015.0,115.26383,Low
18016.0,1466.9197,High
18017.0,511.64398,Medium
18018.0,118.013535,Low
18019.0,37.024845,Low
18022.0,660.6061,Medium
18024.0,239.79854,Low
18027.0,118.54014,Low
18030.0,244.29266,Low
18032.0,75.94477,Low
18033.0,95.05348,Low
18034.0,424.3123,Medium
18035.0,742.3419,Medium
18036.0,389.4012,Medium
18037.0,85.84913,Low
18040.0,357.7181,Low
18041.0,4142.2554,High
18042.0,164.11388,Low
18043.0,566.1886,Medium
18044.0,2086.814,High
18045.0,186.94757,Low
18048.0,159.38762,Low
18050.0,80.76154,Low
18053.0,298.7083,Low
18055.0,6756.7524,High
18056.0,355.58154,Low
18058.0,172.62782,Low
18059.0,281.57986,Low
18061.0,2067.4795,High
18062.0,729.3601,Medium
18064.0,804.03015,Medium
18065.0,2365.8743,High
18066.0,315.36758,Low
18067.0,404.58905,Medium
18068.0,94.21461,Low
18069.0,1977.1683,High
18071.0,435.72006,Medium
18072.0,7.7920094,Low
18073.0,3836.9438,High
18074.0,494.61075,Medium
18075.0,2506.9905,High
18077.0,2695.9055,High
18078.0,346.69537,Low
18079.0,3530.3352,High
18080.0,1263.3214,High
18081.0,337.96365,Low
18082.0,701.8348,Medium
18084.0,99.73848,Low
18085.0,665.6107,Medium
18086.0,94.21461,Low
18087.0,3990.5073,High
18088.0,165.18555,Low
18092.0,9063.666,High
18093.0,2172.0774,High
18094.0,3030.284,High
18095.0,571.81683,Medium
18096.0,903.91943,Medium
18097.0,2794.3755,High
18099.0,170.77881,Low
18101.0,230.14609,Low
18102.0,256442.25,High
18104.0,777.6715,Medium
18105.0,115.55971,Low
18106.0,416.75592,Medium
18108.0,275.3281,Low
18109.0,7924.437,High
18110.0,208.33409,Low
18112.0,357.7181,Low
18113.0,77.57838,Low
18114.0,230.78226,Low
18116.0,1381.8375,High
18117.0,320.9757,Low
18118.0,5602.8657,High
18119.0,182.33447,Low
18120.0,114.20453,Low
18121.0,663.8624,Medium
18122.0,1831.502,High
18123.0,603.1439,Medium
18125.0,1082.8099,Medium
18126.0,200.88055,Low
18127.0,344.42435,Low
18129.0,114.20453,Low
18130.0,1064.1218,Medium
18133.0,716.412,Medium
18135.0,686.81744,Medium
18136.0,769.8506,Medium
18138.0,155.24548,Low
18139.0,8452.607,High
18141.0,-162.98448,Low
18142.0,1045.706,Medium
18143.0,1015.07367,Medium
18144.0,2866.8457,High
18145.0,2845.5132,High
18146.0,157.9391,Low
18147.0,171.59729,Low
18149.0,603.5064,Medium
18150.0,567.4011,Medium
18151.0,654.64056,Medium
18154.0,386.36078,Medium
18155.0,356.99298,Low
18156.0,754.25586,Medium
18158.0,454.1808,Medium
18159.0,544.87476,Medium
18160.0,620.23785,Medium
18161.0,1662.9716,High
18164.0,380.09286,Medium
18165.0,301.2925,Low
18167.0,1356.8978,High
18168.0,1126.0527,Medium
18169.0,200.88055,Low
18170.0,996.0776,Medium
18171.0,1205.1444,High
18172.0,7417.6934,High
18173.0,2111.7605,High
18174.0,96.10639,Low
18176.0,435.72006,Medium
18177.0,1357.5891,High
18178.0,1634.2147,High
18179.0,1714.2374,High
18180.0,1821.4147,High
18181.0,384.21313,Medium
18183.0,616.25165,Medium
18184.0,47.545647,Low
18185.0,302.64874,Low
18188.0,1976.4866,High
18189.0,1083.9429,Medium
18190.0,262.71442,Low
18191.0,202.07246,Low
18192.0,981.5343,Medium
18193.0,206.50244,Low
18194.0,902.6268,Medium
18196.0,663.8624,Medium
18198.0,4984.29,High
18200.0,168.22655,Low
18202.0,1386.1504,High
18203.0,167.21004,Low
18204.0,1926.1511,High
18205.0,519.43616,Medium
18209.0,140.21982,Low
18210.0,2604.2532,High
18211.0,603.2477,Medium
18212.0,251.8005,Low
18213.0,231.77203,Low
18215.0,301.2925,Low
18216.0,478.9939,Medium
18217.0,618.3044,Medium
18218.0,653.91156,Medium
18219.0,2064.028,High
18220.0,302.15256,Low
18221.0,1048.1367,Medium
18222.0,444.29715,Medium
18223.0,6312.452,High
18224.0,158.14795,Low
18225.0,5370.147,High
18226.0,5120.569,High
18227.0,95.092865,Low
18228.0,762.44727,Medium
18229.0,7000.8076,High
18230.0,2770.4539,High
18231.0,2051.1504,High
18232.0,594.91003,Medium
18233.0,441.26657,Medium
18235.0,1774.8125,High
18236.0,867.0253,Medium
18237.0,1010.48065,Medium
18239.0,1533.5911,High
18240.0,420.4254,Medium
18241.0,2304.3352,High
18242.0,2199.9265,High
18245.0,2523.2307,High
18246.0,591.6205,Medium
18248.0,780.8713,Medium
18249.0,91.16401,Low
18250.0,348.3176,Low
18251.0,4700.562,High
18252.0,513.1313,Medium
18255.0,102.44037,Low
18256.0,-1042.394,Low
18257.0,2261.333,High
18259.0,2347.8208,High
18260.0,2660.7712,High
18261.0,326.9528,Low
18262.0,148.90076,Low
18263.0,1256.3638,High
18265.0,778.8812,Medium
18268.0,19.65599,Low
18269.0,125.1251,Low
18270.0,243.98393,Low
18272.0,3068.4805,High
18273.0,205.32597,Low
18274.0,6.9118967,Low
18276.0,339.42938,Low
18277.0,98.793655,Low
18278.0,170.59387,Low
18280.0,181.75734,Low
18281.0,79.97123,Low
18282.0,188.25797,Low
18283.0,2097.6152,High
18287.0,1898.3276,High
